transaction_id,account_id,customer_id,amount,currency,merchant_category,location,is_foreign,device,timestamp
TXN00001,GB52EGKN97252175250074,CUST0006,1730.52,USD,utilities,Germany,True,new,2026-07-20T10:28:15.073874
TXN00002,GB86JAYN49308536866326,CUST0060,7232.88,USD,atm_withdrawal,USA,False,new,2026-06-26T14:28:15.073898
TXN00003,GB29RTXQ33146591166553,CUST0077,189.04,USD,gas_station,Mexico,False,known,2026-07-27T09:28:15.073908
TXN00004,GB54DIPU43503136502491,CUST0066,387.25,USD,groceries,Mexico,False,known,2026-07-29T04:28:15.073918
TXN00005,GB13AQEO23184322259136,CUST0036,2269.98,USD,online_retail,USA,False,known,2026-05-19T20:28:15.073924
TXN00006,GB96SCHM62103886291279,CUST0039,1598.16,USD,wire_transfer,Mexico,False,known,2026-07-05T13:28:15.073931
TXN00007,GB87EDBA99688143536822,CUST0029,248.82,USD,utilities,UK,False,new,2026-07-24T06:28:15.073937
TXN00008,GB27AJHG50488899210752,CUST0074,5626.97,USD,dining,UK,False,known,2026-07-12T22:28:15.073944
TXN00009,GB14FUZK69961125355449,CUST0057,7565.18,USD,wire_transfer,USA,False,known,2026-05-22T21:28:15.073951
TXN00010,GB93YOHX03718376452088,CUST0065,659.74,USD,entertainment,Mexico,False,known,2026-05-14T13:28:15.073958
TXN00011,GB29RTXQ33146591166553,CUST0077,9127.68,USD,online_retail,Mexico,False,known,2026-07-24T11:28:15.073966
TXN00012,GB60BJGZ94070164510463,CUST0080,2569.43,USD,gas_station,UK,False,new,2026-06-01T04:28:15.073973
TXN00013,GB11HXVG31279757366096,CUST0086,3065.28,USD,dining,UK,False,known,2026-05-23T16:28:15.073981
TXN00014,GB69MVYF71875003691559,CUST0052,5415.72,USD,atm_withdrawal,UK,False,new,2026-07-06T10:28:15.073988
TXN00015,GB26GYYF92712966667600,CUST0007,4634.29,USD,entertainment,USA,False,new,2026-06-26T19:28:15.073993
TXN00016,GB07KCYE04618723460136,CUST0064,8361.62,USD,gas_station,USA,False,known,2026-05-22T02:28:15.074000
TXN00017,GB42NNBK58303441448850,CUST0095,6842.11,USD,online_retail,USA,False,known,2026-07-27T17:28:15.074008
TXN00018,GB40XBRM80347644726490,CUST0087,7533.9,USD,electronics,UK,False,new,2026-06-05T10:28:15.074015
TXN00019,GB92TBZR81172980686508,CUST0040,6309.3,USD,entertainment,Mexico,False,new,2026-07-06T15:28:15.074021
TXN00020,GB83CEIA56829962914504,CUST0098,3345.44,USD,online_retail,Mexico,False,new,2026-05-28T14:28:15.074029
TXN00021,GB19UMIO59876220234132,CUST0057,1833.59,USD,electronics,USA,False,known,2026-07-22T01:28:15.074036
TXN00022,GB83VGQZ56770051844989,CUST0034,6884.93,USD,gas_station,UK,False,new,2026-06-06T16:28:15.074043
TXN00023,GB19EPAQ08697829221699,CUST0018,3431.57,USD,utilities,UK,False,known,2026-06-30T17:28:15.074048
TXN00024,GB93NCPH57438421503178,CUST0099,5259.14,USD,travel,USA,False,new,2026-08-01T23:28:15.074056
TXN00025,GB03KQMN93465472269848,CUST0018,4461.92,USD,online_retail,UK,False,new,2026-05-25T15:28:15.074062
TXN00026,GB47HYSX42788165803928,CUST0033,1088.26,USD,electronics,Mexico,False,new,2026-07-05T09:28:15.074067
TXN00027,GB61JUFD23094077780973,CUST0090,7706.79,USD,utilities,USA,True,known,2026-07-18T20:28:15.074076
TXN00028,GB98GBZT88392053021465,CUST0045,7513.08,USD,dining,Germany,True,new,2026-05-21T05:28:15.074082
TXN00029,GB20KORE32983248262925,CUST0083,9405.35,USD,utilities,USA,False,known,2026-06-29T06:28:15.074090
TXN00030,GB19EPAQ08697829221699,CUST0018,2008.68,USD,electronics,UK,False,known,2026-07-11T04:28:15.074095
TXN00031,GB83ZRTW02601279611435,CUST0043,30.41,USD,online_retail,UK,False,new,2026-07-28T19:28:15.074101
TXN00032,GB63FNPE88574489061203,CUST0055,6679.87,USD,online_retail,Russia,True,known,2026-05-08T15:28:15.074108
TXN00033,GB33USII86959463688725,CUST0042,6282.93,USD,dining,USA,False,new,2026-05-18T06:28:15.074114
TXN00034,GB37YZFJ42043805719838,CUST0020,8630.37,USD,travel,UK,False,known,2026-05-16T20:28:15.074119
TXN00035,GB34BDFB45561100225579,CUST0012,7116.35,USD,wire_transfer,USA,False,new,2026-06-28T05:28:15.074124
TXN00036,GB93MQWD57981238780038,CUST0081,6648.97,USD,utilities,UK,False,new,2026-05-10T15:28:15.074132
TXN00037,GB93MQWD57981238780038,CUST0081,3065.44,USD,utilities,USA,True,known,2026-06-12T01:28:15.074140
TXN00038,GB44YVHA55488510272614,CUST0017,5579.73,USD,groceries,UK,False,new,2026-05-12T06:28:15.074145
TXN00039,GB02FZMA33230982150648,CUST0009,4932.56,USD,online_retail,UK,False,new,2026-07-15T09:28:15.074150
TXN00040,GB81AQUA99693084887256,CUST0033,7736.26,USD,electronics,Mexico,False,new,2026-06-12T04:28:15.074156
TXN00041,GB54DIPU43503136502491,CUST0066,998.18,USD,travel,Mexico,False,new,2026-06-26T03:28:15.074162
TXN00042,GB34VXMO99813646225179,CUST0076,8979.61,USD,gas_station,UK,False,known,2026-07-01T03:28:15.074220
TXN00043,GB23CRRX12520566474231,CUST0084,9216.9,USD,atm_withdrawal,Russia,True,known,2026-06-26T21:28:15.074277
TXN00044,GB55MWQD04091570184094,CUST0100,4927.58,USD,wire_transfer,USA,False,new,2026-07-31T18:28:15.074321
TXN00045,GB20JKPM20555438404608,CUST0081,5219.84,USD,utilities,UK,False,new,2026-07-11T16:28:15.074392
TXN00046,GB06TFMR60259222206447,CUST0089,7594.48,USD,travel,USA,False,new,2026-05-18T05:28:15.074422
TXN00047,GB93SWSG53875842824172,CUST0003,9426.48,USD,electronics,UK,False,new,2026-07-26T17:28:15.074428
TXN00048,GB41MHQZ40666580043973,CUST0020,8860.54,USD,utilities,UK,False,new,2026-07-18T09:28:15.074433
TXN00049,GB45XBRM41686227837693,CUST0077,4342.19,USD,travel,Mexico,False,new,2026-06-07T17:28:15.074441
TXN00050,GB90EOFF99275037314530,CUST0034,8354.2,USD,electronics,UK,False,new,2026-06-02T01:28:15.074446
TXN00051,GB45XBRM41686227837693,CUST0077,7796.12,USD,utilities,Mexico,False,new,2026-06-03T16:28:15.074454
TXN00052,GB61JUFD23094077780973,CUST0090,4603.82,USD,entertainment,USA,False,new,2026-06-10T07:28:15.074462
TXN00053,GB23CRRX12520566474231,CUST0084,2272.46,USD,atm_withdrawal,USA,False,known,2026-07-13T02:28:15.074470
TXN00054,GB34VXMO99813646225179,CUST0076,3670.82,USD,travel,Brazil,True,new,2026-05-08T12:28:15.074478
TXN00055,GB80SJFC04478985625753,CUST0008,8262.8,USD,online_retail,USA,False,known,2026-05-23T14:28:15.074483
TXN00056,GB22UORK76084958803955,CUST0097,1373.76,USD,travel,USA,False,known,2026-08-05T01:28:15.074491
TXN00057,GB42XKMT99880817703886,CUST0086,5922.85,USD,atm_withdrawal,UK,False,known,2026-07-04T14:28:15.074499
TXN00058,GB76MHIC63894484631224,CUST0061,9064.56,USD,online_retail,UK,False,known,2026-05-30T12:28:15.074505
TXN00059,GB20FDNS79729659027716,CUST0014,9475.56,USD,electronics,USA,False,new,2026-05-11T15:28:15.074511
TXN00060,GB19EPAQ08697829221699,CUST0018,4217.73,USD,utilities,UK,False,known,2026-05-08T21:28:15.074516
TXN00061,GB86TBTB10016761847230,CUST0010,3408.61,USD,atm_withdrawal,UK,False,known,2026-07-30T15:28:15.074521
TXN00062,GB46CTBX66984902770384,CUST0044,7529.97,USD,travel,UK,False,known,2026-05-26T03:28:15.074527
TXN00063,GB42HKIB83866317797177,CUST0015,6491.36,USD,online_retail,USA,False,known,2026-06-19T05:28:15.074532
TXN00064,GB33USII86959463688725,CUST0042,2429.33,USD,groceries,USA,False,new,2026-07-05T10:28:15.074538
TXN00065,GB98IOFS29314386632270,CUST0054,4199.22,USD,entertainment,USA,False,new,2026-07-17T22:28:15.074544
TXN00066,GB04KLTU04259792703352,CUST0078,1896.57,USD,atm_withdrawal,USA,False,new,2026-06-09T15:28:15.074552
TXN00067,GB88KWXR33394522885158,CUST0019,5462.84,USD,utilities,USA,False,known,2026-05-25T13:28:15.074557
TXN00068,GB27AJHG50488899210752,CUST0074,7395.07,USD,groceries,UK,False,new,2026-05-26T03:28:15.074565
TXN00069,GB98IOFS29314386632270,CUST0054,7619.34,USD,dining,USA,False,known,2026-07-08T05:28:15.074571
TXN00070,GB49VMMS38011848955439,CUST0046,7965.01,USD,electronics,USA,False,known,2026-05-14T03:28:15.074577
TXN00071,GB22MDDC78006811492164,CUST0058,3469.36,USD,travel,UK,False,known,2026-08-02T06:28:15.074584
TXN00072,GB39IPUD75455884506159,CUST0055,1911.55,USD,gas_station,Mexico,False,new,2026-06-14T19:28:15.074591
TXN00073,GB83CEIA56829962914504,CUST0098,2444.93,USD,online_retail,Mexico,False,new,2026-07-03T19:28:15.074599
TXN00074,GB55IEWO03120735647570,CUST0063,1341.49,USD,dining,USA,False,new,2026-06-08T22:28:15.074606
TXN00075,GB28RFCQ27448570862095,CUST0068,5099.75,USD,online_retail,Germany,True,new,2026-08-05T16:28:15.074614
TXN00076,GB59MUZH35658804341651,CUST0049,1033.75,USD,dining,USA,False,new,2026-05-17T13:28:15.074620
TXN00077,GB52EGKN97252175250074,CUST0006,8695.35,USD,dining,USA,False,known,2026-05-27T14:28:15.074625
TXN00078,GB51EQTP52677223306046,CUST0085,3881.77,USD,travel,UK,False,known,2026-06-29T04:28:15.074633
TXN00079,GB80SJFC04478985625753,CUST0008,927.84,USD,gas_station,USA,False,known,2026-06-04T21:28:15.074638
TXN00080,GB76RMQK28975585566593,CUST0073,6618.12,USD,gas_station,Mexico,False,new,2026-05-13T01:28:15.074645
TXN00081,GB96RAUX91901581449147,CUST0028,7920.92,USD,wire_transfer,USA,False,new,2026-05-15T21:28:15.074651
TXN00082,GB69MVYF71875003691559,CUST0052,4227.39,USD,dining,India,True,new,2026-07-10T10:28:15.074657
TXN00083,GB19EPAQ08697829221699,CUST0018,8566.61,USD,entertainment,UK,False,known,2026-06-20T07:28:15.074662
TXN00084,GB27AJHG50488899210752,CUST0074,875.44,USD,dining,UK,False,known,2026-07-22T10:28:15.074669
TXN00085,GB76JNVD84992618914117,CUST0010,7477.36,USD,dining,UK,False,known,2026-07-06T20:28:15.074675
TXN00086,GB58EUQB92024286990413,CUST0038,7357.63,USD,wire_transfer,USA,False,known,2026-07-08T14:28:15.074680
TXN00087,GB59IPFY84639208678085,CUST0051,5134.35,USD,travel,Mexico,False,known,2026-07-19T20:28:15.074687
TXN00088,GB52EGKN97252175250074,CUST0006,5596.16,USD,groceries,USA,False,known,2026-06-22T17:28:15.074692
TXN00089,GB59MUZH35658804341651,CUST0049,7085.09,USD,online_retail,Germany,True,new,2026-05-31T21:28:15.074698
TXN00090,GB65IBPW78487392855749,CUST0068,4788.95,USD,wire_transfer,USA,False,known,2026-07-24T10:28:15.074705
TXN00091,GB48DVKK69902355770272,CUST0096,582.54,USD,online_retail,Mexico,False,new,2026-05-17T00:28:15.074713
TXN00092,GB27YXCD03924051477053,CUST0079,8642.61,USD,electronics,USA,False,known,2026-06-05T02:28:15.074721
TXN00093,GB74OJLN42400825478077,CUST0060,2616.28,USD,wire_transfer,USA,False,new,2026-07-29T20:28:15.074727
TXN00094,GB43LZWB94801413811386,CUST0071,4313.03,USD,wire_transfer,Mexico,False,new,2026-05-31T15:28:15.074741
TXN00095,GB19EPAQ08697829221699,CUST0018,6185.45,USD,gas_station,UK,False,known,2026-07-23T04:28:15.074747
TXN00096,GB34XRGG88487920698042,CUST0080,3223.16,USD,online_retail,UK,False,new,2026-07-08T11:28:15.074754
TXN00097,GB45XBRM41686227837693,CUST0077,2972.41,USD,utilities,Mexico,False,new,2026-06-27T11:28:15.074761
TXN00098,GB96RAUX91901581449147,CUST0028,871.18,USD,electronics,USA,False,known,2026-06-07T22:28:15.074767
TXN00099,GB34XRGG88487920698042,CUST0080,574.52,USD,gas_station,India,True,new,2026-07-21T07:28:15.074774
TXN00100,GB22UWWU59893347212281,CUST0021,8247.53,USD,groceries,UK,False,new,2026-05-13T11:28:15.074780
TXN00101,GB22MDDC78006811492164,CUST0058,2024.95,USD,online_retail,UK,False,known,2026-05-25T08:28:15.074787
TXN00102,GB88KWXR33394522885158,CUST0019,1095.84,USD,utilities,USA,False,known,2026-05-27T13:28:15.074792
TXN00103,GB27YXCD03924051477053,CUST0079,6413.9,USD,gas_station,USA,False,known,2026-05-19T05:28:15.074800
TXN00104,GB77RFPK53942373334333,CUST0049,8755.0,USD,entertainment,Russia,True,known,2026-05-09T15:28:15.074806
TXN00105,GB81AQUA99693084887256,CUST0033,3810.45,USD,travel,Mexico,False,known,2026-05-26T03:28:15.074812
TXN00106,GB44YVHA55488510272614,CUST0017,3991.31,USD,entertainment,UK,False,known,2026-07-10T12:28:15.074818
TXN00107,GB42YTHK18638782945651,CUST0069,5666.14,USD,groceries,Mexico,False,known,2026-06-26T06:28:15.074825
TXN00108,GB62MMVA72832684245088,CUST0028,779.62,USD,online_retail,USA,False,new,2026-07-31T03:28:15.074830
TXN00109,GB06TFMR60259222206447,CUST0089,2051.83,USD,gas_station,USA,False,known,2026-06-14T16:28:15.074838
TXN00110,GB93YOHX03718376452088,CUST0065,6447.23,USD,online_retail,Mexico,False,new,2026-07-01T03:28:15.074861
TXN00111,GB86TBTB10016761847230,CUST0010,77.99,USD,utilities,UK,False,known,2026-05-22T23:28:15.074876
TXN00112,GB47DVLO39930561648408,CUST0024,1144.25,USD,online_retail,Mexico,False,new,2026-06-30T14:28:15.074886
TXN00113,GB68WSES95562053364525,CUST0031,2189.9,USD,gas_station,USA,False,new,2026-05-30T02:28:15.074893
TXN00114,GB27OBCI50899358891637,CUST0014,182.95,USD,electronics,USA,False,new,2026-08-01T11:28:15.074898
TXN00115,GB27YXCD03924051477053,CUST0079,3971.0,USD,electronics,USA,False,new,2026-05-08T04:28:15.074906
TXN00116,GB76ODPB99917381684602,CUST0005,4373.62,USD,entertainment,UK,False,known,2026-07-16T05:28:15.074911
TXN00117,GB60BJGZ94070164510463,CUST0080,5596.33,USD,gas_station,UK,False,known,2026-07-06T11:28:15.074919
TXN00118,GB27AJHG50488899210752,CUST0074,3167.49,USD,travel,UK,False,known,2026-06-24T17:28:15.074926
TXN00119,GB82SXUQ17946954899529,CUST0094,1846.12,USD,entertainment,UK,False,new,2026-05-31T08:28:15.074934
TXN00120,GB97UCGV36138612075011,CUST0026,1878.1,USD,wire_transfer,Mexico,False,known,2026-07-19T16:28:15.074940
TXN00121,GB41LVVU62890028772175,CUST0015,4410.23,USD,wire_transfer,USA,False,new,2026-05-18T09:28:15.074945
TXN00122,GB74OJLN42400825478077,CUST0060,1438.34,USD,electronics,USA,False,new,2026-05-18T14:28:15.074952
TXN00123,GB20JKPM20555438404608,CUST0081,538.35,USD,gas_station,UK,False,known,2026-07-02T06:28:15.074960
TXN00124,GB22MDDC78006811492164,CUST0058,3506.16,USD,utilities,UK,False,known,2026-08-02T23:28:15.074966
TXN00125,GB44YVHA55488510272614,CUST0017,4398.45,USD,gas_station,UK,False,known,2026-06-03T12:28:15.074972
TXN00126,GB20KORE32983248262925,CUST0083,1792.33,USD,wire_transfer,USA,False,new,2026-05-25T04:28:15.074980
TXN00127,GB60VJTV99827950145561,CUST0092,987.75,USD,entertainment,Mexico,False,known,2026-07-30T10:28:15.074988
TXN00128,GB30YNRC47214586833901,CUST0093,6723.87,USD,online_retail,UK,False,known,2026-08-01T17:28:15.074996
TXN00129,GB28RFCQ27448570862095,CUST0068,3886.27,USD,entertainment,USA,False,known,2026-07-01T12:28:15.075003
TXN00130,GB16DUOT74973502080214,CUST0062,3675.43,USD,utilities,Mexico,True,known,2026-05-27T03:28:15.075011
TXN00131,GB16DUOT74973502080214,CUST0062,9193.28,USD,atm_withdrawal,UK,True,known,2026-06-23T15:28:15.075018
TXN00132,GB16KDPX01660880199488,CUST0016,7521.83,USD,travel,USA,False,known,2026-06-19T04:28:15.075023
TXN00133,GB04KLTU04259792703352,CUST0078,2937.68,USD,dining,USA,False,new,2026-08-04T13:28:15.075031
TXN00134,GB06TFMR60259222206447,CUST0089,737.68,USD,electronics,USA,False,known,2026-07-20T20:28:15.075039
TXN00135,GB55IEWO03120735647570,CUST0063,5675.85,USD,travel,USA,False,known,2026-05-19T20:28:15.075046
TXN00136,GB81AQUA99693084887256,CUST0033,6852.63,USD,groceries,Mexico,False,new,2026-05-19T19:28:15.075054
TXN00137,GB28RFCQ27448570862095,CUST0068,5802.6,USD,online_retail,USA,False,known,2026-07-07T10:28:15.075062
TXN00138,GB93NCPH57438421503178,CUST0099,3497.65,USD,wire_transfer,USA,False,new,2026-06-07T18:28:15.075070
TXN00139,GB51EQTP52677223306046,CUST0085,5013.23,USD,travel,UK,False,known,2026-06-19T08:28:15.075078
TXN00140,GB47DVLO39930561648408,CUST0024,4568.21,USD,entertainment,Mexico,False,known,2026-07-31T04:28:15.075083
TXN00141,GB42NNBK58303441448850,CUST0095,7250.79,USD,utilities,USA,False,new,2026-07-01T22:28:15.075091
TXN00142,GB92SPQX77293430107139,CUST0095,8991.19,USD,dining,USA,False,new,2026-06-12T22:28:15.075099
TXN00143,GB54DIPU43503136502491,CUST0066,3769.33,USD,entertainment,Mexico,False,known,2026-06-14T23:28:15.075106
TXN00144,GB34GGQV39288619576122,CUST0072,272.64,USD,electronics,Mexico,False,new,2026-06-20T17:28:15.075113
TXN00145,GB97UCGV36138612075011,CUST0026,6614.2,USD,travel,Mexico,False,new,2026-07-01T09:28:15.075119
TXN00146,GB27IHEK62168936392649,CUST0082,2435.0,USD,travel,USA,False,new,2026-07-28T00:28:15.075127
TXN00147,GB87PSSV68460810620034,CUST0019,1161.95,USD,dining,USA,False,new,2026-07-07T15:28:15.075132
TXN00148,GB02EFAY99499939330517,CUST0084,161.05,USD,gas_station,Brazil,True,known,2026-05-22T07:28:15.075140
TXN00149,GB85YLQZ87704358112880,CUST0025,3354.99,USD,wire_transfer,USA,False,new,2026-08-06T05:28:15.075171
TXN00150,GB47HYSX42788165803928,CUST0033,9259.34,USD,electronics,Mexico,False,known,2026-07-27T08:28:15.075179
TXN00151,GB76RMQK28975585566593,CUST0073,3678.44,USD,entertainment,Mexico,False,new,2026-08-01T04:28:15.075260
TXN00152,GB29XIXZ82513534655494,CUST0004,2294.49,USD,electronics,UK,False,new,2026-07-29T13:28:15.075267
TXN00153,GB08NRRM15335554398780,CUST0023,1667.47,USD,online_retail,China,True,new,2026-06-24T04:28:15.075273
TXN00154,GB81AQUA99693084887256,CUST0033,7374.93,USD,online_retail,Mexico,False,known,2026-07-29T02:28:15.075279
TXN00155,GB39IPUD75455884506159,CUST0055,3001.58,USD,utilities,Mexico,False,new,2026-07-12T23:28:15.075315
TXN00156,GB40XBRM80347644726490,CUST0087,2721.62,USD,groceries,UK,False,new,2026-05-16T18:28:15.075388
TXN00157,GB78HTLE11179080759579,CUST0050,8450.67,USD,online_retail,UK,False,new,2026-06-20T11:28:15.075400
TXN00158,GB55IEWO03120735647570,CUST0063,4728.98,USD,gas_station,USA,False,new,2026-06-04T02:28:15.075407
TXN00159,GB16KDPX01660880199488,CUST0016,5725.29,USD,travel,USA,False,new,2026-07-27T11:28:15.075412
TXN00160,GB74OJLN42400825478077,CUST0060,2915.18,USD,wire_transfer,India,True,new,2026-05-14T15:28:15.075419
TXN00161,GB28FHTI31290878141413,CUST0029,407.16,USD,entertainment,UK,False,new,2026-06-23T10:28:15.075424
TXN00162,GB59IPFY84639208678085,CUST0051,6377.89,USD,atm_withdrawal,Mexico,False,new,2026-07-30T22:28:15.075431
TXN00163,GB92SPQX77293430107139,CUST0095,9051.74,USD,travel,USA,False,new,2026-05-12T19:28:15.075439
TXN00164,GB47RGXL05830033542168,CUST0008,3483.29,USD,atm_withdrawal,USA,False,known,2026-07-07T04:28:15.075444
TXN00165,GB96RAUX91901581449147,CUST0028,4220.2,USD,electronics,USA,False,known,2026-06-20T13:28:15.075450
TXN00166,GB83CEIA56829962914504,CUST0098,2651.16,USD,electronics,Mexico,False,known,2026-06-27T04:28:15.075458
TXN00167,GB47HYSX42788165803928,CUST0033,1123.14,USD,utilities,Mexico,False,new,2026-06-18T07:28:15.075463
TXN00168,GB52OTPP23692929842579,CUST0039,8706.97,USD,online_retail,Mexico,False,known,2026-07-01T02:28:15.075469
TXN00169,GB22UWWU59893347212281,CUST0021,1644.37,USD,online_retail,UK,False,known,2026-07-28T10:28:15.075474
TXN00170,GB20OEWR29979688457831,CUST0059,5227.22,USD,utilities,UK,False,new,2026-05-08T22:28:15.075481
TXN00171,GB62MMVA72832684245088,CUST0028,1657.99,USD,entertainment,USA,False,known,2026-05-09T04:28:15.075487
TXN00172,GB22UWWU59893347212281,CUST0021,7509.59,USD,groceries,UK,False,new,2026-07-20T17:28:15.075492
TXN00173,GB42YTHK18638782945651,CUST0069,5815.45,USD,electronics,Mexico,False,known,2026-05-28T20:28:15.075499
TXN00174,GB22MDDC78006811492164,CUST0058,3905.5,USD,atm_withdrawal,UK,False,known,2026-06-06T08:28:15.075597
TXN00175,GB62MBNI84229405720259,CUST0022,4277.51,USD,gas_station,USA,False,new,2026-05-16T22:28:15.075605
TXN00176,GB62MBNI84229405720259,CUST0022,5586.03,USD,travel,USA,False,new,2026-05-28T04:28:15.075610
TXN00177,GB60VJTV99827950145561,CUST0092,4924.38,USD,utilities,Mexico,False,known,2026-07-30T21:28:15.075618
TXN00178,GB87EDBA99688143536822,CUST0029,3290.49,USD,gas_station,UK,False,new,2026-05-08T17:28:15.075624
TXN00179,GB42HKIB83866317797177,CUST0015,2610.91,USD,utilities,USA,False,known,2026-05-17T07:28:15.075629
TXN00180,GB60VJTV99827950145561,CUST0092,1469.07,USD,wire_transfer,Mexico,False,new,2026-05-23T06:28:15.075637
TXN00181,GB02FZMA33230982150648,CUST0009,436.66,USD,wire_transfer,UK,False,new,2026-08-03T22:28:15.075642
TXN00182,GB58EUQB92024286990413,CUST0038,6072.22,USD,online_retail,USA,False,new,2026-06-14T05:28:15.075648
TXN00183,GB14FUZK69961125355449,CUST0057,2829.13,USD,electronics,USA,False,known,2026-05-11T12:28:15.075655
TXN00184,GB62MMVA72832684245088,CUST0028,1942.2,USD,wire_transfer,USA,False,known,2026-06-06T10:28:15.075661
TXN00185,GB05HHXJ72282005577848,CUST0059,9386.28,USD,entertainment,UK,False,new,2026-06-27T01:28:15.075668
TXN00186,GB65BYUT47985158328182,CUST0023,1013.22,USD,dining,USA,False,new,2026-06-02T07:28:15.075673
TXN00187,GB22UWWU59893347212281,CUST0021,924.23,USD,utilities,UK,False,new,2026-07-06T20:28:15.075678
TXN00188,GB29RTXQ33146591166553,CUST0077,8870.97,USD,entertainment,Mexico,False,known,2026-07-17T14:28:15.075685
TXN00189,GB62MMVA72832684245088,CUST0028,4740.72,USD,utilities,USA,False,new,2026-06-02T10:28:15.075691
TXN00190,GB76ODPB99917381684602,CUST0005,9183.69,USD,dining,Germany,True,new,2026-06-03T10:28:15.075696
TXN00191,GB76JNVD84992618914117,CUST0010,6390.58,USD,utilities,Brazil,True,known,2026-05-22T04:28:15.075701
TXN00192,GB88KWXR33394522885158,CUST0019,3478.06,USD,atm_withdrawal,USA,False,new,2026-07-04T01:28:15.075706
TXN00193,GB86TBTB10016761847230,CUST0010,1853.25,USD,gas_station,UK,False,new,2026-05-26T07:28:15.075711
TXN00194,GB27OBCI50899358891637,CUST0014,2660.95,USD,wire_transfer,USA,False,known,2026-06-10T07:28:15.075716
TXN00195,GB62MBNI84229405720259,CUST0022,7552.55,USD,entertainment,USA,False,new,2026-06-17T13:28:15.075722
TXN00196,GB85YLQZ87704358112880,CUST0025,4753.24,USD,groceries,USA,False,known,2026-06-02T12:28:15.075727
TXN00197,GB47DVLO39930561648408,CUST0024,4344.11,USD,wire_transfer,Mexico,False,known,2026-06-07T08:28:15.075732
TXN00198,GB86JAYN49308536866326,CUST0060,3736.1,USD,wire_transfer,USA,False,new,2026-06-27T19:28:15.075739
TXN00199,GB55IEWO03120735647570,CUST0063,4656.09,USD,wire_transfer,USA,False,new,2026-06-02T07:28:15.075746
TXN00200,GB40XBRM80347644726490,CUST0087,6402.79,USD,atm_withdrawal,UK,False,new,2026-06-20T14:28:15.075754
TXN00201,GB52EGKN97252175250074,CUST0006,7438.67,USD,wire_transfer,USA,False,known,2026-07-04T04:28:15.075759
TXN00202,GB63GTGY48356420873753,CUST0011,5977.59,USD,wire_transfer,Mexico,False,new,2026-07-16T08:28:15.075764
TXN00203,GB97UCGV36138612075011,CUST0026,5441.55,USD,electronics,Mexico,False,known,2026-07-06T23:28:15.075770
TXN00204,GB29XIXZ82513534655494,CUST0004,3926.06,USD,dining,UK,False,new,2026-06-14T20:28:15.075775
TXN00205,GB60VJTV99827950145561,CUST0092,6911.68,USD,travel,Mexico,False,known,2026-06-07T01:28:15.075783
TXN00206,GB86JAYN49308536866326,CUST0060,3582.95,USD,travel,USA,False,new,2026-06-06T08:28:15.075790
TXN00207,GB93NCPH57438421503178,CUST0099,7335.04,USD,utilities,USA,False,new,2026-06-22T03:28:15.075798
TXN00208,GB83VGQZ56770051844989,CUST0034,2839.25,USD,utilities,UK,False,new,2026-07-02T07:28:15.075804
TXN00209,GB58EUQB92024286990413,CUST0038,4560.73,USD,gas_station,USA,False,new,2026-06-05T14:28:15.075810
TXN00210,GB98IOFS29314386632270,CUST0054,3610.2,USD,atm_withdrawal,USA,False,new,2026-05-12T07:28:15.075816
TXN00211,GB97UCGV36138612075011,CUST0026,755.38,USD,online_retail,Mexico,False,new,2026-07-01T02:28:15.075822
TXN00212,GB64WQEO71812982665702,CUST0087,8864.06,USD,utilities,UK,False,known,2026-05-30T16:28:15.075830
TXN00213,GB88KWXR33394522885158,CUST0019,2307.14,USD,gas_station,USA,False,known,2026-05-23T17:28:15.075835
TXN00214,GB33USII86959463688725,CUST0042,4490.48,USD,travel,Germany,True,known,2026-06-25T02:28:15.075841
TXN00215,GB62MMVA72832684245088,CUST0028,6181.86,USD,utilities,USA,False,new,2026-06-07T09:28:15.075847
TXN00216,GB98IOFS29314386632270,CUST0054,5456.4,USD,gas_station,USA,False,known,2026-07-26T04:28:15.075854
TXN00217,GB68WSES95562053364525,CUST0031,9473.15,USD,atm_withdrawal,USA,False,new,2026-07-15T23:28:15.075860
TXN00218,GB47HYSX42788165803928,CUST0033,92.99,USD,wire_transfer,Mexico,False,known,2026-06-30T23:28:15.075866
TXN00219,GB16DUOT74973502080214,CUST0062,4983.4,USD,travel,USA,False,new,2026-05-16T07:28:15.075873
TXN00220,GB78HTLE11179080759579,CUST0050,1547.88,USD,online_retail,UK,False,new,2026-07-23T14:28:15.075879
TXN00221,GB47HYSX42788165803928,CUST0033,6408.44,USD,dining,India,True,known,2026-06-30T06:28:15.075885
TXN00222,GB22WWSD94096105566139,CUST0075,828.58,USD,electronics,UK,False,known,2026-06-02T14:28:15.075892
TXN00223,GB47DVLO39930561648408,CUST0024,2481.16,USD,dining,Mexico,False,new,2026-07-07T00:28:15.075898
TXN00224,GB77RFPK53942373334333,CUST0049,6868.77,USD,groceries,USA,False,new,2026-06-29T06:28:15.075904
TXN00225,GB65IBPW78487392855749,CUST0068,1127.54,USD,utilities,USA,False,known,2026-07-30T03:28:15.075927
TXN00226,GB22WWSD94096105566139,CUST0075,6559.31,USD,utilities,UK,False,new,2026-05-08T15:28:15.075936
TXN00227,GB92TBZR81172980686508,CUST0040,1459.5,USD,wire_transfer,Mexico,False,new,2026-07-20T09:28:15.075942
TXN00228,GB45XBRM41686227837693,CUST0077,7619.94,USD,dining,Mexico,False,known,2026-06-07T07:28:15.075950
TXN00229,GB42HKIB83866317797177,CUST0015,3440.15,USD,wire_transfer,USA,False,known,2026-05-31T02:28:15.075955
TXN00230,GB34BDFB45561100225579,CUST0012,5442.8,USD,travel,USA,False,known,2026-06-03T18:28:15.075960
TXN00231,GB86JAYN49308536866326,CUST0060,6464.4,USD,wire_transfer,USA,False,new,2026-06-11T21:28:15.075967
TXN00232,GB44YVHA55488510272614,CUST0017,4310.34,USD,gas_station,UK,False,new,2026-06-10T23:28:15.075972
TXN00233,GB23CRRX12520566474231,CUST0084,6392.93,USD,utilities,USA,False,known,2026-05-27T10:28:15.075980
TXN00234,GB27AJHG50488899210752,CUST0074,2073.97,USD,electronics,UK,False,known,2026-08-06T01:28:15.075991
TXN00235,GB04KLTU04259792703352,CUST0078,9444.2,USD,electronics,USA,False,new,2026-07-29T07:28:15.075999
TXN00236,GB47RGXL05830033542168,CUST0008,7276.53,USD,atm_withdrawal,USA,False,new,2026-07-14T20:28:15.076005
TXN00237,GB43LZWB94801413811386,CUST0071,766.97,USD,gas_station,Mexico,False,known,2026-06-19T12:28:15.076012
TXN00238,GB54DIPU43503136502491,CUST0066,1214.16,USD,dining,China,True,known,2026-06-17T08:28:15.076020
TXN00239,GB76ODPB99917381684602,CUST0005,6832.8,USD,atm_withdrawal,UK,False,new,2026-06-08T03:28:15.076025
TXN00240,GB91NIGA09818063565126,CUST0042,2622.29,USD,electronics,USA,False,known,2026-06-23T20:28:15.076031
TXN00241,GB29RTXQ33146591166553,CUST0077,1961.74,USD,electronics,Mexico,False,known,2026-08-04T17:28:15.076038
TXN00242,GB27IHEK62168936392649,CUST0082,2328.75,USD,groceries,USA,False,new,2026-05-08T23:28:15.076048
TXN00243,GB93MQWD57981238780038,CUST0081,1335.59,USD,utilities,UK,False,known,2026-07-10T23:28:15.076056
TXN00244,GB20OEWR29979688457831,CUST0059,2254.4,USD,travel,UK,False,known,2026-05-12T14:28:15.076064
TXN00245,GB34VXMO99813646225179,CUST0076,9011.2,USD,travel,UK,False,new,2026-07-30T07:28:15.076071
TXN00246,GB24GSVP76719903849830,CUST0091,3624.06,USD,gas_station,India,True,new,2026-05-16T03:28:15.076080
TXN00247,GB45XBRM41686227837693,CUST0077,1750.93,USD,gas_station,Mexico,False,new,2026-06-29T12:28:15.076087
TXN00248,GB83ZRTW02601279611435,CUST0043,1375.62,USD,online_retail,UK,False,known,2026-06-29T02:28:15.076093
TXN00249,GB34VXMO99813646225179,CUST0076,1278.21,USD,dining,UK,False,new,2026-05-27T08:28:15.076101
TXN00250,GB74ZKXD77739260302992,CUST0037,8048.53,USD,electronics,Mexico,False,known,2026-07-27T10:28:15.076107
TXN00251,GB63GTGY48356420873753,CUST0011,5729.74,USD,electronics,Mexico,False,known,2026-05-12T05:28:15.076112
TXN00252,GB96SCHM62103886291279,CUST0039,9091.9,USD,groceries,Mexico,False,known,2026-06-25T15:28:15.076118
TXN00253,GB90EOFF99275037314530,CUST0034,9495.94,USD,online_retail,UK,False,known,2026-07-22T01:28:15.076124
TXN00254,GB74ZKXD77739260302992,CUST0037,3058.73,USD,utilities,Mexico,False,new,2026-07-07T07:28:15.076130
TXN00255,GB11HXVG31279757366096,CUST0086,2488.53,USD,gas_station,UK,False,new,2026-06-22T15:28:15.076137
TXN00256,GB11HXVG31279757366096,CUST0086,3524.84,USD,atm_withdrawal,Brazil,True,known,2026-06-27T18:28:15.076145
TXN00257,GB92TBZR81172980686508,CUST0040,5258.69,USD,wire_transfer,Mexico,False,new,2026-08-04T16:28:15.076151
TXN00258,GB39IPUD75455884506159,CUST0055,3611.58,USD,dining,Mexico,False,new,2026-06-25T17:28:15.076158
TXN00259,GB55IEWO03120735647570,CUST0063,6097.89,USD,online_retail,USA,False,new,2026-06-05T01:28:15.076165
TXN00260,GB88XSPK52314913577594,CUST0030,1333.91,USD,gas_station,USA,False,new,2026-06-22T19:28:15.076171
TXN00261,GB47HYSX42788165803928,CUST0033,9093.96,USD,gas_station,Mexico,False,known,2026-05-29T04:28:15.076176
TXN00262,GB41LVVU62890028772175,CUST0015,7262.4,USD,atm_withdrawal,USA,False,known,2026-05-13T23:28:15.076181
TXN00263,GB33USII86959463688725,CUST0042,4806.93,USD,entertainment,UK,True,known,2026-08-05T18:28:15.076188
TXN00264,GB66OSWG71452111751868,CUST0088,5058.36,USD,atm_withdrawal,UK,False,known,2026-08-05T00:28:15.076195
TXN00265,GB29XIXZ82513534655494,CUST0004,9286.17,USD,groceries,UK,False,new,2026-07-02T07:28:15.076202
TXN00266,GB09POOL47812914283411,CUST0032,2293.0,USD,wire_transfer,Mexico,True,new,2026-05-31T20:28:15.076209
TXN00267,GB63MZHA09792513271950,CUST0067,3547.12,USD,atm_withdrawal,USA,False,new,2026-06-17T22:28:15.076216
TXN00268,GB46CTBX66984902770384,CUST0044,6499.98,USD,electronics,UK,False,known,2026-07-09T15:28:15.076222
TXN00269,GB44YVHA55488510272614,CUST0017,4524.67,USD,groceries,UK,False,known,2026-06-19T07:28:15.076228
TXN00270,GB16KDPX01660880199488,CUST0016,7452.65,USD,wire_transfer,USA,False,known,2026-06-12T04:28:15.076233
TXN00271,GB83CEIA56829962914504,CUST0098,8562.59,USD,wire_transfer,Mexico,False,new,2026-07-08T18:28:15.076299
TXN00272,GB78HTLE11179080759579,CUST0050,8543.96,USD,wire_transfer,Mexico,True,known,2026-05-11T16:28:15.076308
TXN00273,GB09POOL47812914283411,CUST0032,9134.15,USD,wire_transfer,USA,False,known,2026-06-28T00:28:15.076314
TXN00274,GB27AJHG50488899210752,CUST0074,5359.78,USD,wire_transfer,UK,False,new,2026-06-29T19:28:15.076322
TXN00275,GB55MWQD04091570184094,CUST0100,6880.93,USD,gas_station,USA,False,new,2026-07-20T02:28:15.076331
TXN00276,GB63GTGY48356420873753,CUST0011,5751.08,USD,wire_transfer,Nigeria,True,new,2026-07-28T14:28:15.076351
TXN00277,GB86JAYN49308536866326,CUST0060,2171.17,USD,gas_station,Russia,True,new,2026-06-10T09:28:15.076386
TXN00278,GB34XRGG88487920698042,CUST0080,3613.79,USD,wire_transfer,UK,False,new,2026-05-24T03:28:15.076454
TXN00279,GB98GBZT88392053021465,CUST0045,1469.33,USD,travel,UK,False,new,2026-07-27T16:28:15.076480
TXN00280,GB20OEWR29979688457831,CUST0059,8958.41,USD,online_retail,UK,False,new,2026-07-27T00:28:15.076487
TXN00281,GB78HTLE11179080759579,CUST0050,4266.77,USD,gas_station,Mexico,True,new,2026-07-14T11:28:15.076494
TXN00282,GB03KQMN93465472269848,CUST0018,5672.8,USD,entertainment,India,True,new,2026-05-28T22:28:15.076500
TXN00283,GB93SWSG53875842824172,CUST0003,6887.39,USD,gas_station,UK,False,known,2026-06-18T22:28:15.076504
TXN00284,GB48DVKK69902355770272,CUST0096,1323.29,USD,utilities,Mexico,False,new,2026-06-19T19:28:15.076514
TXN00285,GB24GSVP76719903849830,CUST0091,2625.26,USD,utilities,UK,False,new,2026-07-16T11:28:15.076530
TXN00286,GB41LVVU62890028772175,CUST0015,5939.69,USD,wire_transfer,USA,False,known,2026-07-06T01:28:15.076537
TXN00287,GB02EFAY99499939330517,CUST0084,3159.4,USD,wire_transfer,Russia,True,new,2026-08-06T12:28:15.076545
TXN00288,GB76MHIC63894484631224,CUST0061,9255.27,USD,travel,UK,False,new,2026-06-12T04:28:15.076552
TXN00289,GB74OJLN42400825478077,CUST0060,4553.2,USD,travel,USA,False,new,2026-05-10T18:28:15.076560
TXN00290,GB20OEWR29979688457831,CUST0059,4667.11,USD,wire_transfer,UK,False,known,2026-05-10T04:28:15.076566
TXN00291,GB86JAYN49308536866326,CUST0060,1086.36,USD,wire_transfer,USA,False,known,2026-06-17T13:28:15.076573
TXN00292,GB81AQUA99693084887256,CUST0033,9053.78,USD,online_retail,Mexico,False,known,2026-05-29T00:28:15.076579
TXN00293,GB93MQWD57981238780038,CUST0081,7781.08,USD,atm_withdrawal,UK,False,new,2026-05-10T22:28:15.076587
TXN00294,GB47DVLO39930561648408,CUST0024,6259.0,USD,atm_withdrawal,Mexico,False,new,2026-07-07T16:28:15.076593
TXN00295,GB27OBCI50899358891637,CUST0014,5533.41,USD,gas_station,USA,False,new,2026-05-22T09:28:15.076598
TXN00296,GB80SJFC04478985625753,CUST0008,8507.79,USD,gas_station,USA,False,known,2026-06-21T02:28:15.076603
TXN00297,GB88KWXR33394522885158,CUST0019,3375.81,USD,wire_transfer,USA,False,known,2026-05-14T03:28:15.076608
TXN00298,GB18EILS33441969315727,CUST0074,1010.94,USD,electronics,UK,False,new,2026-06-25T11:28:15.076616
TXN00299,GB92TBZR81172980686508,CUST0040,5517.02,USD,wire_transfer,Mexico,False,known,2026-06-01T07:28:15.076622
TXN00300,GB27IHEK62168936392649,CUST0082,5593.66,USD,gas_station,USA,False,known,2026-06-08T03:28:15.076629
TXN00301,GB93YOHX03718376452088,CUST0065,2810.13,USD,electronics,Mexico,False,known,2026-06-06T21:28:15.076636
TXN00302,GB85YLQZ87704358112880,CUST0025,7451.64,USD,gas_station,USA,False,new,2026-06-24T10:28:15.076641
TXN00303,GB54DIPU43503136502491,CUST0066,6620.77,USD,entertainment,Mexico,False,known,2026-06-11T01:28:15.076648
TXN00304,GB61GSSU82455877169472,CUST0056,6157.47,USD,travel,Mexico,True,known,2026-08-04T14:28:15.076655
TXN00305,GB42NNBK58303441448850,CUST0095,5320.77,USD,online_retail,USA,False,known,2026-07-17T14:28:15.076663
TXN00306,GB22WWSD94096105566139,CUST0075,6246.14,USD,atm_withdrawal,UK,False,known,2026-07-14T04:28:15.076671
TXN00307,GB30FMUM59184638655779,CUST0035,47.25,USD,dining,UK,False,known,2026-06-13T12:28:15.076676
TXN00308,GB69MVYF71875003691559,CUST0052,971.14,USD,gas_station,UK,False,known,2026-07-29T06:28:15.076683
TXN00309,GB28RFCQ27448570862095,CUST0068,2496.05,USD,online_retail,USA,False,new,2026-06-09T21:28:15.076690
TXN00310,GB76RMQK28975585566593,CUST0073,3308.54,USD,online_retail,Mexico,False,known,2026-05-23T21:28:15.076698
TXN00311,GB61GSSU82455877169472,CUST0056,6386.69,USD,entertainment,USA,False,known,2026-05-23T22:28:15.076705
TXN00312,GB83ZRTW02601279611435,CUST0043,6589.18,USD,gas_station,UK,False,new,2026-07-14T13:28:15.076711
TXN00313,GB29RTXQ33146591166553,CUST0077,4021.75,USD,online_retail,Mexico,False,known,2026-05-25T12:28:15.076718
TXN00314,GB28FHTI31290878141413,CUST0029,2991.94,USD,online_retail,UK,False,known,2026-07-20T19:28:15.076724
TXN00315,GB28BLUE81273585730652,CUST0067,1857.75,USD,atm_withdrawal,USA,False,new,2026-06-05T20:28:15.076731
TXN00316,GB59AUYU60480589258320,CUST0075,7979.77,USD,online_retail,UK,False,known,2026-06-14T02:28:15.076738
TXN00317,GB16KDPX01660880199488,CUST0016,315.44,USD,dining,USA,False,new,2026-07-09T15:28:15.076743
TXN00318,GB88XSPK52314913577594,CUST0030,7340.34,USD,online_retail,USA,False,known,2026-05-26T01:28:15.076749
TXN00319,GB37YZFJ42043805719838,CUST0020,5151.7,USD,groceries,UK,False,new,2026-05-29T13:28:15.076754
TXN00320,GB96SCHM62103886291279,CUST0039,7886.52,USD,dining,Mexico,False,new,2026-07-24T01:28:15.076760
TXN00321,GB47RGXL05830033542168,CUST0008,4173.97,USD,electronics,USA,False,known,2026-06-23T22:28:15.076765
TXN00322,GB58EUQB92024286990413,CUST0038,3334.24,USD,wire_transfer,USA,False,new,2026-05-23T02:28:15.076771
TXN00323,GB28FHTI31290878141413,CUST0029,7652.66,USD,wire_transfer,UK,False,new,2026-07-11T18:28:15.076776
TXN00324,GB93NCPH57438421503178,CUST0099,3078.09,USD,utilities,USA,False,new,2026-05-30T19:28:15.076785
TXN00325,GB77RFPK53942373334333,CUST0049,7745.14,USD,travel,USA,False,new,2026-06-02T03:28:15.076791
TXN00326,GB34BDFB45561100225579,CUST0012,6665.04,USD,travel,USA,False,known,2026-05-15T20:28:15.076796
TXN00327,GB97UCGV36138612075011,CUST0026,3733.69,USD,travel,Mexico,False,new,2026-07-06T03:28:15.076802
TXN00328,GB45XBRM41686227837693,CUST0077,7549.71,USD,electronics,Mexico,False,new,2026-07-28T04:28:15.076810
TXN00329,GB92SPQX77293430107139,CUST0095,4322.34,USD,online_retail,USA,False,new,2026-05-10T13:28:15.076818
TXN00330,GB85TZJW46657437489691,CUST0001,9235.57,USD,entertainment,USA,False,known,2026-07-26T01:28:15.076822
TXN00331,GB93NCPH57438421503178,CUST0099,4702.32,USD,entertainment,USA,False,new,2026-06-13T18:28:15.076831
TXN00332,GB55IEWO03120735647570,CUST0063,8098.75,USD,entertainment,USA,False,known,2026-07-21T06:28:15.076838
TXN00333,GB86TBTB10016761847230,CUST0010,8829.97,USD,travel,Brazil,True,new,2026-08-04T21:28:15.076843
TXN00334,GB23CRRX12520566474231,CUST0084,8639.82,USD,utilities,Germany,True,known,2026-07-12T02:28:15.076851
TXN00335,GB59IPFY84639208678085,CUST0051,3535.66,USD,travel,India,True,known,2026-07-05T22:28:15.076858
TXN00336,GB27AJHG50488899210752,CUST0074,4080.55,USD,electronics,UK,False,known,2026-05-09T17:28:15.076865
TXN00337,GB85TZJW46657437489691,CUST0001,5641.99,USD,gas_station,USA,False,new,2026-07-28T20:28:15.076870
TXN00338,GB98GEQY30965207446660,CUST0002,6594.82,USD,online_retail,India,True,known,2026-07-22T11:28:15.076875
TXN00339,GB91NIGA09818063565126,CUST0042,2980.27,USD,utilities,USA,False,known,2026-07-24T21:28:15.076881
TXN00340,GB43LZWB94801413811386,CUST0071,9432.97,USD,travel,Mexico,False,known,2026-07-20T04:28:15.076891
TXN00341,GB83CEIA56829962914504,CUST0098,1563.29,USD,entertainment,Mexico,False,known,2026-05-20T04:28:15.076899
TXN00342,GB97BFZI81934667665061,CUST0027,4205.43,USD,dining,USA,False,known,2026-05-20T03:28:15.076905
TXN00343,GB19EPAQ08697829221699,CUST0018,6936.44,USD,entertainment,UK,False,new,2026-07-22T06:28:15.076912
TXN00344,GB05HHXJ72282005577848,CUST0059,6125.67,USD,dining,UK,False,new,2026-07-06T16:28:15.076919
TXN00345,GB52EGKN97252175250074,CUST0006,1955.71,USD,wire_transfer,USA,False,known,2026-05-14T15:28:15.076924
TXN00346,GB52SRGM84577600490824,CUST0073,4703.96,USD,electronics,Mexico,False,known,2026-07-31T17:28:15.076931
TXN00347,GB65FEBU50209945101622,CUST0092,8443.44,USD,groceries,Mexico,False,new,2026-07-28T08:28:15.076939
TXN00348,GB20OEWR29979688457831,CUST0059,3474.59,USD,travel,UK,False,new,2026-05-26T11:28:15.076946
TXN00349,GB27OBCI50899358891637,CUST0014,2053.48,USD,groceries,Mexico,True,new,2026-08-05T16:28:15.076951
TXN00350,GB30YNRC47214586833901,CUST0093,4026.85,USD,atm_withdrawal,UK,False,known,2026-06-03T11:28:15.076959
TXN00351,GB42AZPQ23578452182307,CUST0100,798.75,USD,electronics,USA,False,known,2026-07-18T16:28:15.076979
TXN00352,GB96RAUX91901581449147,CUST0028,6027.62,USD,electronics,USA,False,new,2026-06-17T06:28:15.076987
TXN00353,GB60BJGZ94070164510463,CUST0080,2326.34,USD,atm_withdrawal,UK,False,known,2026-07-07T23:28:15.076995
TXN00354,GB23CRRX12520566474231,CUST0084,6329.43,USD,travel,USA,False,known,2026-07-30T15:28:15.077004
TXN00355,GB93SWSG53875842824172,CUST0003,1560.59,USD,entertainment,UK,False,new,2026-05-10T00:28:15.077008
TXN00356,GB28FHTI31290878141413,CUST0029,8421.51,USD,groceries,UK,False,new,2026-07-03T01:28:15.077014
TXN00357,GB27YXCD03924051477053,CUST0079,6768.51,USD,wire_transfer,USA,False,known,2026-07-29T16:28:15.077022
TXN00358,GB65FEBU50209945101622,CUST0092,4748.8,USD,wire_transfer,Mexico,False,known,2026-06-21T23:28:15.077030
TXN00359,GB42YTHK18638782945651,CUST0069,6405.77,USD,electronics,Mexico,False,known,2026-07-24T06:28:15.077037
TXN00360,GB82SXUQ17946954899529,CUST0094,4484.4,USD,atm_withdrawal,USA,True,known,2026-07-06T23:28:15.077045
TXN00361,GB09POOL47812914283411,CUST0032,7630.58,USD,atm_withdrawal,USA,False,known,2026-08-02T07:28:15.077051
TXN00362,GB74OJLN42400825478077,CUST0060,7847.84,USD,wire_transfer,USA,False,new,2026-06-27T16:28:15.077058
TXN00363,GB41MHQZ40666580043973,CUST0020,2124.14,USD,gas_station,UK,False,known,2026-07-31T19:28:15.077063
TXN00364,GB18EILS33441969315727,CUST0074,3112.72,USD,gas_station,Brazil,True,new,2026-07-01T15:28:15.077070
TXN00365,GB98GEQY30965207446660,CUST0002,7453.9,USD,wire_transfer,USA,False,known,2026-06-30T06:28:15.077075
TXN00366,GB51EQTP52677223306046,CUST0085,6959.74,USD,gas_station,UK,False,known,2026-06-04T18:28:15.077083
TXN00367,GB97BFZI81934667665061,CUST0027,5146.97,USD,groceries,Germany,True,new,2026-08-03T17:28:15.077089
TXN00368,GB85TZJW46657437489691,CUST0001,6909.91,USD,electronics,USA,False,known,2026-06-19T01:28:15.077093
TXN00369,GB83CEIA56829962914504,CUST0098,9131.45,USD,travel,Mexico,False,new,2026-06-14T09:28:15.077104
TXN00370,GB44YVHA55488510272614,CUST0017,6659.54,USD,entertainment,Nigeria,True,new,2026-06-01T11:28:15.077110
TXN00371,GB16KDPX01660880199488,CUST0016,6055.36,USD,atm_withdrawal,USA,False,known,2026-06-03T20:28:15.077116
TXN00372,GB34BDFB45561100225579,CUST0012,2774.46,USD,entertainment,USA,False,new,2026-07-21T17:28:15.077121
TXN00373,GB86JAYN49308536866326,CUST0060,714.16,USD,dining,USA,False,known,2026-07-03T17:28:15.077128
TXN00374,GB88KWXR33394522885158,CUST0019,4430.19,USD,atm_withdrawal,USA,False,known,2026-07-16T10:28:15.077133
TXN00375,GB42AZPQ23578452182307,CUST0100,2932.38,USD,utilities,USA,False,known,2026-07-11T10:28:15.077141
TXN00376,GB44YVHA55488510272614,CUST0017,7851.54,USD,wire_transfer,UK,False,known,2026-05-11T15:28:15.077146
TXN00377,GB96SCHM62103886291279,CUST0039,871.07,USD,dining,Mexico,False,new,2026-06-26T20:28:15.077153
TXN00378,GB27AJHG50488899210752,CUST0074,2475.28,USD,travel,UK,False,known,2026-05-12T15:28:15.077160
TXN00379,GB22WWSD94096105566139,CUST0075,5228.4,USD,electronics,UK,False,new,2026-05-27T01:28:15.077167
TXN00380,GB03KQMN93465472269848,CUST0018,118.53,USD,dining,UK,False,known,2026-07-20T21:28:15.077173
TXN00381,GB30FMUM59184638655779,CUST0035,5989.68,USD,electronics,UK,False,new,2026-06-20T03:28:15.077179
TXN00382,GB41LVVU62890028772175,CUST0015,4215.38,USD,travel,Mexico,True,known,2026-07-12T04:28:15.077184
TXN00383,GB76MHIC63894484631224,CUST0061,1600.06,USD,wire_transfer,UK,False,new,2026-06-08T23:28:15.077191
TXN00384,GB27AJHG50488899210752,CUST0074,4056.17,USD,entertainment,UK,False,known,2026-06-19T03:28:15.077198
TXN00385,GB47HYSX42788165803928,CUST0033,334.0,USD,wire_transfer,Mexico,False,known,2026-06-10T20:28:15.077204
TXN00386,GB39IPUD75455884506159,CUST0055,584.0,USD,utilities,Mexico,False,new,2026-05-28T09:28:15.077211
TXN00387,GB47DVLO39930561648408,CUST0024,2370.66,USD,gas_station,Mexico,False,known,2026-05-16T08:28:15.077216
TXN00388,GB43LZWB94801413811386,CUST0071,5175.2,USD,online_retail,Mexico,False,new,2026-06-22T09:28:15.077223
TXN00389,GB60VJTV99827950145561,CUST0092,252.47,USD,wire_transfer,Mexico,False,known,2026-07-03T19:28:15.077231
TXN00390,GB26GYYF92712966667600,CUST0007,7683.17,USD,online_retail,USA,False,new,2026-07-02T23:28:15.077236
TXN00391,GB33USII86959463688725,CUST0042,6241.93,USD,utilities,USA,False,known,2026-07-25T17:28:15.077242
TXN00392,GB92TBZR81172980686508,CUST0040,8884.78,USD,travel,Mexico,False,known,2026-06-18T13:28:15.077248
TXN00393,GB93RRPI49562137213865,CUST0043,8683.24,USD,groceries,UK,False,new,2026-05-09T13:28:15.077255
TXN00394,GB85YLQZ87704358112880,CUST0025,5152.47,USD,travel,USA,False,new,2026-07-13T09:28:15.077260
TXN00395,GB80SJFC04478985625753,CUST0008,194.22,USD,online_retail,Nigeria,True,known,2026-05-21T17:28:15.077298
TXN00396,GB76MHIC63894484631224,CUST0061,3240.51,USD,travel,UK,False,new,2026-07-12T20:28:15.077305
TXN00397,GB34BDFB45561100225579,CUST0012,7357.61,USD,gas_station,France,True,new,2026-05-08T20:28:15.077415
TXN00398,GB27OBCI50899358891637,CUST0014,5569.23,USD,entertainment,USA,False,new,2026-05-14T12:28:15.077454
TXN00399,GB74OJLN42400825478077,CUST0060,9012.85,USD,online_retail,USA,False,new,2026-07-17T01:28:15.077477
TXN00400,GB68WSES95562053364525,CUST0031,8451.75,USD,wire_transfer,USA,False,new,2026-05-27T02:28:15.077483
TXN00401,GB95NHZP65991624731498,CUST0041,2918.29,USD,utilities,Mexico,False,known,2026-07-15T12:28:15.077489
TXN00402,GB09POOL47812914283411,CUST0032,3723.26,USD,wire_transfer,USA,False,known,2026-05-09T06:28:15.077496
TXN00403,GB81AQUA99693084887256,CUST0033,6078.45,USD,electronics,Mexico,False,new,2026-05-20T17:28:15.077502
TXN00404,GB85YLQZ87704358112880,CUST0025,3297.96,USD,entertainment,USA,False,known,2026-07-28T17:28:15.077507
TXN00405,GB90GUVO55037589975711,CUST0016,6929.57,USD,entertainment,USA,False,new,2026-05-13T04:28:15.077512
TXN00406,GB98GEQY30965207446660,CUST0002,648.71,USD,utilities,USA,False,known,2026-07-06T02:28:15.077517
TXN00407,GB85TZJW46657437489691,CUST0001,8403.82,USD,online_retail,Brazil,True,new,2026-06-14T19:28:15.077522
TXN00408,GB54DIPU43503136502491,CUST0066,7493.99,USD,wire_transfer,Mexico,False,known,2026-07-25T09:28:15.077529
TXN00409,GB87EDBA99688143536822,CUST0029,195.64,USD,utilities,UK,False,known,2026-08-02T15:28:15.077535
TXN00410,GB27OBCI50899358891637,CUST0014,6955.2,USD,gas_station,USA,False,known,2026-06-19T19:28:15.077540
TXN00411,GB55IEWO03120735647570,CUST0063,6694.27,USD,atm_withdrawal,USA,False,known,2026-05-20T09:28:15.077547
TXN00412,GB60BJGZ94070164510463,CUST0080,1956.7,USD,dining,UK,False,new,2026-07-25T14:28:15.077555
TXN00413,GB55MWQD04091570184094,CUST0100,2260.52,USD,groceries,USA,False,new,2026-07-01T15:28:15.077563
TXN00414,GB61JUFD23094077780973,CUST0090,4065.12,USD,utilities,USA,False,new,2026-06-22T00:28:15.077571
TXN00415,GB13AQEO23184322259136,CUST0036,2775.75,USD,electronics,Nigeria,True,new,2026-07-16T04:28:15.077577
TXN00416,GB37YZFJ42043805719838,CUST0020,4648.97,USD,utilities,UK,False,known,2026-06-17T09:28:15.077582
TXN00417,GB76RMQK28975585566593,CUST0073,1776.61,USD,groceries,Mexico,False,new,2026-06-19T13:28:15.077599
TXN00418,GB93MQWD57981238780038,CUST0081,5362.52,USD,travel,UK,False,known,2026-07-09T16:28:15.077608
TXN00419,GB16KDPX01660880199488,CUST0016,9221.85,USD,wire_transfer,USA,False,known,2026-05-29T11:28:15.077613
TXN00420,GB34BDFB45561100225579,CUST0012,9173.64,USD,online_retail,USA,False,known,2026-06-01T11:28:15.077618
TXN00421,GB40XBRM80347644726490,CUST0087,334.75,USD,wire_transfer,UK,False,known,2026-06-17T02:28:15.077629
TXN00422,GB41MHQZ40666580043973,CUST0020,9016.34,USD,travel,UK,False,known,2026-06-10T19:28:15.077635
TXN00423,GB83VGQZ56770051844989,CUST0034,9388.72,USD,atm_withdrawal,UK,False,known,2026-06-13T22:28:15.077641
TXN00424,GB97UCGV36138612075011,CUST0026,8653.09,USD,electronics,Mexico,False,known,2026-07-04T14:28:15.077646
TXN00425,GB76RMQK28975585566593,CUST0073,8138.65,USD,gas_station,Mexico,False,new,2026-05-28T14:28:15.077653
TXN00426,GB93SWSG53875842824172,CUST0003,4966.73,USD,atm_withdrawal,UK,False,known,2026-05-19T06:28:15.077658
TXN00427,GB45XBRM41686227837693,CUST0077,5537.52,USD,electronics,Mexico,False,known,2026-05-26T06:28:15.077666
TXN00428,GB19EPAQ08697829221699,CUST0018,8340.6,USD,utilities,UK,False,new,2026-05-30T13:28:15.077672
TXN00429,GB06TFMR60259222206447,CUST0089,1640.04,USD,atm_withdrawal,USA,False,known,2026-06-07T23:28:15.077680
TXN00430,GB18EILS33441969315727,CUST0074,473.02,USD,online_retail,India,True,new,2026-05-10T17:28:15.077687
TXN00431,GB77DQVC02203173109678,CUST0070,8007.83,USD,electronics,Russia,True,known,2026-06-28T16:28:15.077695
TXN00432,GB08NRRM15335554398780,CUST0023,2563.14,USD,atm_withdrawal,USA,False,known,2026-06-11T14:28:15.077700
TXN00433,GB90EOFF99275037314530,CUST0034,4604.95,USD,gas_station,UK,False,new,2026-06-15T01:28:15.077706
TXN00434,GB66AAVC19721811437447,CUST0012,2959.11,USD,gas_station,USA,False,new,2026-07-17T22:28:15.077711
TXN00435,GB08NRRM15335554398780,CUST0023,279.86,USD,dining,USA,False,known,2026-05-31T06:28:15.077717
TXN00436,GB66AAVC19721811437447,CUST0012,8721.71,USD,dining,USA,False,new,2026-06-09T23:28:15.077722
TXN00437,GB42YTHK18638782945651,CUST0069,6038.22,USD,electronics,Mexico,False,known,2026-06-03T12:28:15.077729
TXN00438,GB83ZRTW02601279611435,CUST0043,1691.16,USD,online_retail,UK,False,new,2026-05-22T10:28:15.077735
TXN00439,GB93YOHX03718376452088,CUST0065,7894.11,USD,electronics,Mexico,False,new,2026-07-04T01:28:15.077742
TXN00440,GB26GYYF92712966667600,CUST0007,7409.49,USD,dining,USA,False,known,2026-07-17T06:28:15.077747
TXN00441,GB95NHZP65991624731498,CUST0041,3893.27,USD,groceries,Mexico,False,known,2026-07-03T04:28:15.077753
TXN00442,GB40XBRM80347644726490,CUST0087,5712.84,USD,groceries,UK,False,known,2026-05-16T19:28:15.077761
TXN00443,GB49VMMS38011848955439,CUST0046,9186.9,USD,utilities,USA,False,new,2026-06-28T02:28:15.077767
TXN00444,GB64TWSI05391037170586,CUST0070,2076.89,USD,utilities,USA,False,new,2026-06-09T16:28:15.077774
TXN00445,GB03KQMN93465472269848,CUST0018,5642.87,USD,utilities,India,True,new,2026-05-27T04:28:15.077780
TXN00446,GB88KWXR33394522885158,CUST0019,6087.45,USD,utilities,USA,False,new,2026-06-24T16:28:15.077785
TXN00447,GB61GSSU82455877169472,CUST0056,8547.53,USD,wire_transfer,USA,False,new,2026-06-01T17:28:15.077792
TXN00448,GB20OEWR29979688457831,CUST0059,4727.56,USD,utilities,UK,False,new,2026-08-03T04:28:15.077798
TXN00449,GB29RTXQ33146591166553,CUST0077,6728.11,USD,wire_transfer,Mexico,False,known,2026-08-02T06:28:15.077806
TXN00450,GB07KCYE04618723460136,CUST0064,5081.36,USD,online_retail,USA,False,new,2026-07-09T03:28:15.077813
TXN00451,GB30YNRC47214586833901,CUST0093,8327.32,USD,travel,UK,False,new,2026-07-16T03:28:15.077821
TXN00452,GB81TGGD63735160917798,CUST0017,7680.23,USD,travel,UK,False,new,2026-07-04T01:28:15.077826
TXN00453,GB90GUVO55037589975711,CUST0016,8279.25,USD,atm_withdrawal,USA,False,new,2026-07-09T01:28:15.077831
TXN00454,GB77DQVC02203173109678,CUST0070,8087.28,USD,online_retail,USA,False,known,2026-06-30T10:28:15.077838
TXN00455,GB27OBCI50899358891637,CUST0014,1142.65,USD,atm_withdrawal,USA,False,new,2026-07-13T08:28:15.077844
TXN00456,GB34VXMO99813646225179,CUST0076,3258.65,USD,wire_transfer,UK,True,new,2026-07-20T18:28:15.077851
TXN00457,GB85YLQZ87704358112880,CUST0025,4634.58,USD,travel,USA,False,new,2026-07-14T22:28:15.077857
TXN00458,GB66AAVC19721811437447,CUST0012,5476.77,USD,travel,Russia,True,new,2026-07-11T19:28:15.077863
TXN00459,GB90GUVO55037589975711,CUST0016,4082.25,USD,atm_withdrawal,USA,False,new,2026-06-12T04:28:15.077868
TXN00460,GB34GGQV39288619576122,CUST0072,3547.6,USD,groceries,China,True,new,2026-07-12T01:28:15.077876
TXN00461,GB83CEIA56829962914504,CUST0098,5955.39,USD,dining,Mexico,False,known,2026-05-13T00:28:15.077884
TXN00462,GB93YOHX03718376452088,CUST0065,4784.18,USD,utilities,Mexico,False,known,2026-07-24T12:28:15.077891
TXN00463,GB26IXCL52166746762120,CUST0013,4334.02,USD,gas_station,Mexico,False,new,2026-06-29T15:28:15.077896
TXN00464,GB60BJGZ94070164510463,CUST0080,9463.34,USD,online_retail,UK,False,new,2026-07-20T14:28:15.077904
TXN00465,GB90EOFF99275037314530,CUST0034,2173.83,USD,travel,UK,False,known,2026-06-17T00:28:15.077909
TXN00466,GB76ODPB99917381684602,CUST0005,3485.79,USD,groceries,UK,False,new,2026-07-16T21:28:15.077914
TXN00467,GB07GOMS04268181845184,CUST0047,5644.31,USD,groceries,Mexico,False,known,2026-05-19T23:28:15.077921
TXN00468,GB76ODPB99917381684602,CUST0005,3615.51,USD,gas_station,Mexico,True,new,2026-06-14T10:28:15.077926
TXN00469,GB40XBRM80347644726490,CUST0087,6516.1,USD,groceries,UK,False,new,2026-07-11T02:28:15.077933
TXN00470,GB29RTXQ33146591166553,CUST0077,2568.43,USD,wire_transfer,Mexico,False,known,2026-05-14T08:28:15.077941
TXN00471,GB29RTXQ33146591166553,CUST0077,6829.69,USD,electronics,Mexico,False,new,2026-07-24T08:28:15.077948
TXN00472,GB37YZFJ42043805719838,CUST0020,5787.47,USD,utilities,UK,False,known,2026-06-04T18:28:15.077953
TXN00473,GB28BLUE81273585730652,CUST0067,379.16,USD,online_retail,USA,False,known,2026-06-30T19:28:15.077960
TXN00474,GB66OSWG71452111751868,CUST0088,6382.16,USD,electronics,UK,False,new,2026-08-07T00:28:15.077968
TXN00475,GB97BFZI81934667665061,CUST0027,6875.24,USD,electronics,USA,False,new,2026-06-02T22:28:15.077974
TXN00476,GB33USII86959463688725,CUST0042,4413.31,USD,electronics,USA,False,known,2026-06-30T16:28:15.077980
TXN00477,GB02FZMA33230982150648,CUST0009,2974.15,USD,electronics,UK,False,known,2026-06-21T03:28:15.077985
TXN00478,GB86TBTB10016761847230,CUST0010,1624.01,USD,entertainment,UK,True,new,2026-05-14T04:28:15.077990
TXN00479,GB77RFPK53942373334333,CUST0049,7743.09,USD,travel,USA,False,known,2026-07-26T13:28:15.077997
TXN00480,GB18EILS33441969315727,CUST0074,7940.05,USD,online_retail,UK,False,new,2026-06-09T16:28:15.078030
TXN00481,GB28FHTI31290878141413,CUST0029,3955.18,USD,wire_transfer,USA,True,new,2026-07-17T21:28:15.078038
TXN00482,GB93MQWD57981238780038,CUST0081,5809.85,USD,travel,UK,False,new,2026-06-19T13:28:15.078045
TXN00483,GB06TFMR60259222206447,CUST0089,606.38,USD,entertainment,Germany,True,known,2026-06-11T23:28:15.078054
TXN00484,GB22UORK76084958803955,CUST0097,5369.79,USD,entertainment,USA,False,known,2026-05-25T01:28:15.078062
TXN00485,GB34XRGG88487920698042,CUST0080,3287.89,USD,atm_withdrawal,UK,False,known,2026-07-06T09:28:15.078070
TXN00486,GB63GTGY48356420873753,CUST0011,8093.52,USD,travel,UK,True,known,2026-06-03T09:28:15.078076
TXN00487,GB61JUFD23094077780973,CUST0090,483.08,USD,dining,USA,False,new,2026-06-25T16:28:15.078084
TXN00488,GB22WWSD94096105566139,CUST0075,4222.57,USD,wire_transfer,UK,False,new,2026-07-27T10:28:15.078091
TXN00489,GB90GUVO55037589975711,CUST0016,1132.12,USD,online_retail,USA,False,known,2026-06-10T14:28:15.078096
TXN00490,GB03KQMN93465472269848,CUST0018,5218.69,USD,electronics,UK,False,new,2026-08-02T07:28:15.078102
TXN00491,GB82SXUQ17946954899529,CUST0094,4336.69,USD,entertainment,UK,False,new,2026-05-15T03:28:15.078110
TXN00492,GB63GTGY48356420873753,CUST0011,5323.63,USD,wire_transfer,Mexico,False,new,2026-06-09T14:28:15.078115
TXN00493,GB28RFCQ27448570862095,CUST0068,7214.74,USD,dining,USA,False,known,2026-07-23T21:28:15.078122
TXN00494,GB07KCYE04618723460136,CUST0064,5205.32,USD,entertainment,USA,False,known,2026-05-17T15:28:15.078129
TXN00495,GB86TBTB10016761847230,CUST0010,7808.36,USD,atm_withdrawal,UK,False,known,2026-06-04T20:28:15.078134
TXN00496,GB07GOMS04268181845184,CUST0047,8837.4,USD,atm_withdrawal,Mexico,False,known,2026-07-13T21:28:15.078140
TXN00497,GB02EFAY99499939330517,CUST0084,3213.68,USD,atm_withdrawal,USA,False,known,2026-07-13T02:28:15.078150
TXN00498,GB22UWWU59893347212281,CUST0021,6257.05,USD,gas_station,UK,False,known,2026-06-10T10:28:15.078156
TXN00499,GB65FEBU50209945101622,CUST0092,7969.56,USD,online_retail,USA,True,known,2026-05-28T11:28:15.078166
TXN00500,GB68WSES95562053364525,CUST0031,3683.42,USD,wire_transfer,USA,False,new,2026-07-21T21:28:15.078172
TXN00501,GB30YNRC47214586833901,CUST0093,8701.57,USD,dining,UK,False,new,2026-06-14T05:28:15.078180
TXN00502,GB27AJHG50488899210752,CUST0074,7646.55,USD,travel,UK,False,new,2026-06-30T10:28:15.078188
TXN00503,GB92SPQX77293430107139,CUST0095,8177.42,USD,gas_station,USA,False,known,2026-05-09T07:28:15.078196
TXN00504,GB13AQEO23184322259136,CUST0036,3283.56,USD,travel,USA,False,known,2026-06-30T03:28:15.078202
TXN00505,GB60VJTV99827950145561,CUST0092,6749.8,USD,entertainment,Mexico,False,new,2026-05-17T14:28:15.078210
TXN00506,GB45XBRM41686227837693,CUST0077,8336.65,USD,atm_withdrawal,Mexico,False,known,2026-05-30T15:28:15.078218
TXN00507,GB48DVKK69902355770272,CUST0096,6369.06,USD,dining,Germany,True,new,2026-07-19T23:28:15.078226
TXN00508,GB87EDBA99688143536822,CUST0029,1395.34,USD,groceries,UK,False,new,2026-05-11T16:28:15.078232
TXN00509,GB74ZKXD77739260302992,CUST0037,7734.18,USD,electronics,Mexico,False,known,2026-08-02T13:28:15.078237
TXN00510,GB76RMQK28975585566593,CUST0073,6584.43,USD,groceries,Mexico,False,new,2026-05-09T15:28:15.078245
TXN00511,GB76RMQK28975585566593,CUST0073,9175.59,USD,groceries,Mexico,False,known,2026-05-11T14:28:15.078252
TXN00512,GB49VMMS38011848955439,CUST0046,8659.56,USD,entertainment,USA,False,known,2026-06-11T17:28:15.078258
TXN00513,GB83VGQZ56770051844989,CUST0034,712.08,USD,travel,UK,False,known,2026-07-15T03:28:15.078265
TXN00514,GB64TWSI05391037170586,CUST0070,1239.98,USD,wire_transfer,Russia,True,new,2026-05-27T16:28:15.078272
TXN00515,GB71AQVL89944171545444,CUST0002,384.24,USD,entertainment,USA,False,known,2026-05-08T20:28:15.078277
TXN00516,GB14FUZK69961125355449,CUST0057,3405.02,USD,entertainment,USA,False,known,2026-05-25T07:28:15.078284
TXN00517,GB47HYSX42788165803928,CUST0033,3954.27,USD,gas_station,Mexico,False,new,2026-06-03T19:28:15.078290
TXN00518,GB44YVHA55488510272614,CUST0017,3156.23,USD,entertainment,UK,False,new,2026-07-10T03:28:15.078295
TXN00519,GB96SCHM62103886291279,CUST0039,4513.77,USD,gas_station,Mexico,False,known,2026-05-19T08:28:15.078301
TXN00520,GB37YZFJ42043805719838,CUST0020,8593.19,USD,wire_transfer,UK,False,known,2026-06-10T17:28:15.078306
TXN00521,GB02FZMA33230982150648,CUST0009,8701.78,USD,electronics,UK,False,new,2026-06-26T12:28:15.078311
TXN00522,GB07GOMS04268181845184,CUST0047,8658.13,USD,entertainment,Mexico,False,new,2026-07-02T00:28:15.078318
TXN00523,GB06TFMR60259222206447,CUST0089,786.87,USD,electronics,Nigeria,True,known,2026-06-26T08:28:15.078326
TXN00524,GB42AZPQ23578452182307,CUST0100,2006.37,USD,dining,USA,False,new,2026-05-18T22:28:15.078355
TXN00525,GB03KQMN93465472269848,CUST0018,7365.59,USD,electronics,UK,False,known,2026-05-09T01:28:15.078429
TXN00526,GB52EGKN97252175250074,CUST0006,836.01,USD,groceries,USA,False,known,2026-06-25T23:28:15.078487
TXN00527,GB49VMMS38011848955439,CUST0046,8654.82,USD,atm_withdrawal,USA,False,new,2026-05-25T17:28:15.078512
TXN00528,GB20KORE32983248262925,CUST0083,165.38,USD,electronics,USA,False,known,2026-06-12T14:28:15.078521
TXN00529,GB26IXCL52166746762120,CUST0013,6659.87,USD,electronics,Mexico,False,new,2026-05-24T23:28:15.078526
TXN00530,GB60VJTV99827950145561,CUST0092,2678.01,USD,online_retail,Russia,True,new,2026-05-21T22:28:15.078586
TXN00531,GB27AJHG50488899210752,CUST0074,1489.29,USD,dining,UK,False,known,2026-08-03T09:28:15.078598
TXN00532,GB52SRGM84577600490824,CUST0073,9121.47,USD,travel,Mexico,False,new,2026-05-29T15:28:15.078605
TXN00533,GB77DQVC02203173109678,CUST0070,8310.91,USD,travel,USA,False,known,2026-08-05T07:28:15.078612
TXN00534,GB02FZMA33230982150648,CUST0009,5203.75,USD,electronics,France,True,new,2026-06-17T07:28:15.078617
TXN00535,GB58EUQB92024286990413,CUST0038,3923.15,USD,gas_station,USA,False,known,2026-06-23T18:28:15.078623
TXN00536,GB87EDBA99688143536822,CUST0029,1850.13,USD,travel,UK,False,known,2026-05-20T16:28:15.078629
TXN00537,GB51EQTP52677223306046,CUST0085,6382.65,USD,utilities,UK,False,known,2026-07-28T15:28:15.078637
TXN00538,GB30FMUM59184638655779,CUST0035,3396.03,USD,dining,UK,False,known,2026-06-05T14:28:15.078643
TXN00539,GB95IFRI34795527636556,CUST0053,4618.25,USD,entertainment,USA,False,new,2026-07-13T14:28:15.078650
TXN00540,GB96RAUX91901581449147,CUST0028,9107.47,USD,travel,USA,False,known,2026-06-21T14:28:15.078655
TXN00541,GB05HHXJ72282005577848,CUST0059,7029.55,USD,atm_withdrawal,UK,False,new,2026-07-09T02:28:15.078662
TXN00542,GB65IBPW78487392855749,CUST0068,4399.75,USD,entertainment,USA,False,new,2026-06-25T09:28:15.078669
TXN00543,GB06TFMR60259222206447,CUST0089,5764.93,USD,utilities,USA,False,known,2026-07-15T04:28:15.078677
TXN00544,GB42AZPQ23578452182307,CUST0100,6911.9,USD,groceries,USA,False,known,2026-05-18T22:28:15.078688
TXN00545,GB22WWSD94096105566139,CUST0075,5242.39,USD,gas_station,UK,False,new,2026-07-10T23:28:15.078696
TXN00546,GB97BFZI81934667665061,CUST0027,6966.99,USD,utilities,USA,False,known,2026-07-09T06:28:15.078702
TXN00547,GB51EQTP52677223306046,CUST0085,3459.9,USD,groceries,UK,False,known,2026-07-26T12:28:15.078710
TXN00548,GB28FHTI31290878141413,CUST0029,1516.82,USD,wire_transfer,UK,False,known,2026-07-20T10:28:15.078715
TXN00549,GB66OSWG71452111751868,CUST0088,7235.18,USD,dining,UK,False,known,2026-08-01T17:28:15.078723
TXN00550,GB59MUZH35658804341651,CUST0049,1968.32,USD,entertainment,USA,False,new,2026-08-01T03:28:15.078730
TXN00551,GB42XKMT99880817703886,CUST0086,9315.7,USD,entertainment,UK,False,known,2026-08-01T23:28:15.078737
TXN00552,GB48DVKK69902355770272,CUST0096,2505.19,USD,gas_station,Mexico,False,known,2026-07-02T01:28:15.078746
TXN00553,GB64TWSI05391037170586,CUST0070,6208.43,USD,electronics,USA,False,new,2026-06-21T06:28:15.078753
TXN00554,GB64TWSI05391037170586,CUST0070,3858.47,USD,entertainment,USA,False,new,2026-07-09T08:28:15.078760
TXN00555,GB66OSWG71452111751868,CUST0088,8379.92,USD,online_retail,UK,False,known,2026-08-06T08:28:15.078767
TXN00556,GB91NIGA09818063565126,CUST0042,1779.67,USD,entertainment,Russia,True,known,2026-07-10T20:28:15.078774
TXN00557,GB91NIGA09818063565126,CUST0042,1081.15,USD,online_retail,USA,False,new,2026-06-25T01:28:15.078781
TXN00558,GB58EUQB92024286990413,CUST0038,218.13,USD,groceries,USA,False,known,2026-05-16T11:28:15.078787
TXN00559,GB87EDBA99688143536822,CUST0029,8463.12,USD,travel,UK,False,known,2026-06-02T23:28:15.078792
TXN00560,GB28FHTI31290878141413,CUST0029,9103.47,USD,wire_transfer,UK,False,known,2026-07-14T08:28:15.078798
TXN00561,GB95IFRI34795527636556,CUST0053,5763.96,USD,online_retail,USA,False,new,2026-07-10T10:28:15.078805
TXN00562,GB88XSPK52314913577594,CUST0030,1360.05,USD,wire_transfer,USA,False,known,2026-06-15T05:28:15.078810
TXN00563,GB82SXUQ17946954899529,CUST0094,8762.73,USD,wire_transfer,UK,False,known,2026-05-11T14:28:15.078818
TXN00564,GB91NIGA09818063565126,CUST0042,162.26,USD,gas_station,USA,False,new,2026-07-21T21:28:15.078824
TXN00565,GB97BFZI81934667665061,CUST0027,8565.77,USD,wire_transfer,USA,False,known,2026-07-15T09:28:15.078830
TXN00566,GB93NCPH57438421503178,CUST0099,4583.88,USD,travel,USA,False,known,2026-07-22T22:28:15.078838
TXN00567,GB34XRGG88487920698042,CUST0080,6629.12,USD,atm_withdrawal,UK,False,known,2026-06-20T23:28:15.078846
TXN00568,GB66OSWG71452111751868,CUST0088,5598.01,USD,wire_transfer,UK,False,known,2026-06-19T13:28:15.078853
TXN00569,GB04KLTU04259792703352,CUST0078,8646.26,USD,electronics,USA,False,new,2026-06-06T17:28:15.078861
TXN00570,GB59AUYU60480589258320,CUST0075,7065.92,USD,groceries,UK,False,known,2026-08-06T02:28:15.078868
TXN00571,GB48DVKK69902355770272,CUST0096,3886.98,USD,electronics,Nigeria,True,known,2026-05-10T14:28:15.078877
TXN00572,GB27YXCD03924051477053,CUST0079,8123.01,USD,atm_withdrawal,USA,False,new,2026-07-05T16:28:15.078884
TXN00573,GB59IPFY84639208678085,CUST0051,3928.6,USD,gas_station,Mexico,False,new,2026-06-17T18:28:15.078891
TXN00574,GB09POOL47812914283411,CUST0032,2414.62,USD,utilities,USA,False,new,2026-05-27T09:28:15.078897
TXN00575,GB27AJHG50488899210752,CUST0074,7105.5,USD,online_retail,UK,False,known,2026-05-14T21:28:15.078905
TXN00576,GB19EPAQ08697829221699,CUST0018,7609.11,USD,wire_transfer,UK,False,known,2026-06-16T14:28:15.078910
TXN00577,GB87EDBA99688143536822,CUST0029,7642.49,USD,travel,UK,False,new,2026-05-18T00:28:15.078917
TXN00578,GB60BJGZ94070164510463,CUST0080,764.98,USD,groceries,Russia,True,new,2026-07-09T13:28:15.078925
TXN00579,GB18EILS33441969315727,CUST0074,6761.7,USD,wire_transfer,UK,False,known,2026-06-01T15:28:15.078933
TXN00580,GB68WSES95562053364525,CUST0031,1920.21,USD,gas_station,USA,False,new,2026-06-12T00:28:15.078938
TXN00581,GB83VGQZ56770051844989,CUST0034,6636.78,USD,wire_transfer,France,True,known,2026-06-02T08:28:15.078945
TXN00582,GB80SJFC04478985625753,CUST0008,9268.76,USD,electronics,USA,False,new,2026-05-16T00:28:15.078949
TXN00583,GB18EILS33441969315727,CUST0074,5569.83,USD,gas_station,UK,False,known,2026-06-17T12:28:15.078957
TXN00584,GB20FDNS79729659027716,CUST0014,6899.69,USD,gas_station,USA,False,new,2026-05-28T15:28:15.078962
TXN00585,GB93YOHX03718376452088,CUST0065,5762.42,USD,dining,Mexico,False,new,2026-07-02T17:28:15.078969
TXN00586,GB22WWSD94096105566139,CUST0075,3870.74,USD,electronics,UK,False,known,2026-07-04T19:28:15.078976
TXN00587,GB60VJTV99827950145561,CUST0092,9088.96,USD,gas_station,Mexico,False,new,2026-07-23T08:28:15.078984
TXN00588,GB20JKPM20555438404608,CUST0081,7315.84,USD,entertainment,UK,False,new,2026-05-26T09:28:15.078991
TXN00589,GB02EFAY99499939330517,CUST0084,1108.97,USD,electronics,USA,False,new,2026-08-03T09:28:15.078999
TXN00590,GB92TBZR81172980686508,CUST0040,3920.98,USD,entertainment,Mexico,False,known,2026-07-08T14:28:15.079005
TXN00591,GB59MUZH35658804341651,CUST0049,6401.76,USD,entertainment,USA,False,known,2026-07-26T12:28:15.079012
TXN00592,GB09POOL47812914283411,CUST0032,8496.53,USD,utilities,USA,False,known,2026-06-22T18:28:15.079018
TXN00593,GB90EOFF99275037314530,CUST0034,6987.9,USD,utilities,UK,False,known,2026-07-12T17:28:15.079023
TXN00594,GB91NIGA09818063565126,CUST0042,3385.48,USD,electronics,USA,False,known,2026-07-06T05:28:15.079031
TXN00595,GB42HKIB83866317797177,CUST0015,5833.29,USD,gas_station,USA,False,known,2026-05-14T09:28:15.079036
TXN00596,GB66OSWG71452111751868,CUST0088,8532.66,USD,wire_transfer,UK,False,new,2026-06-27T09:28:15.079059
TXN00597,GB61JUFD23094077780973,CUST0090,3782.87,USD,wire_transfer,USA,False,known,2026-06-02T16:28:15.079068
TXN00598,GB63GTGY48356420873753,CUST0011,8927.02,USD,groceries,Mexico,False,new,2026-06-13T09:28:15.079073
TXN00599,GB52SRGM84577600490824,CUST0073,9276.94,USD,gas_station,Mexico,False,new,2026-07-15T10:28:15.079081
TXN00600,GB05HHXJ72282005577848,CUST0059,2006.09,USD,wire_transfer,UK,False,known,2026-08-05T03:28:15.079087
TXN00601,GB86JAYN49308536866326,CUST0060,5213.61,USD,dining,USA,False,new,2026-07-04T19:28:15.079094
TXN00602,GB42XKMT99880817703886,CUST0086,1751.26,USD,atm_withdrawal,UK,False,known,2026-06-24T13:28:15.079101
TXN00603,GB29RTXQ33146591166553,CUST0077,8116.83,USD,utilities,Mexico,False,new,2026-06-20T13:28:15.079109
TXN00604,GB81AQUA99693084887256,CUST0033,2175.24,USD,electronics,Mexico,False,new,2026-05-25T03:28:15.079114
TXN00605,GB93RRPI49562137213865,CUST0043,1389.79,USD,travel,UK,False,new,2026-06-19T18:28:15.079120
TXN00606,GB98GEQY30965207446660,CUST0002,9457.86,USD,gas_station,USA,False,new,2026-06-04T20:28:15.079125
TXN00607,GB06TFMR60259222206447,CUST0089,458.0,USD,electronics,USA,False,known,2026-05-27T06:28:15.079133
TXN00608,GB34BDFB45561100225579,CUST0012,7971.04,USD,electronics,USA,False,new,2026-07-05T09:28:15.079138
TXN00609,GB16DUOT74973502080214,CUST0062,5298.38,USD,utilities,USA,False,new,2026-06-21T07:28:15.079145
TXN00610,GB76ODPB99917381684602,CUST0005,9149.79,USD,dining,UK,False,known,2026-06-23T03:28:15.079150
TXN00611,GB95IFRI34795527636556,CUST0053,4633.75,USD,online_retail,USA,False,known,2026-05-12T08:28:15.079156
TXN00612,GB43LZWB94801413811386,CUST0071,9087.86,USD,travel,Mexico,False,new,2026-06-08T04:28:15.079164
TXN00613,GB29RTXQ33146591166553,CUST0077,8065.31,USD,electronics,Mexico,False,known,2026-05-25T12:28:15.079171
TXN00614,GB87EDBA99688143536822,CUST0029,6205.36,USD,utilities,UK,False,new,2026-06-27T14:28:15.079176
TXN00615,GB78HTLE11179080759579,CUST0050,5577.8,USD,online_retail,UK,False,new,2026-06-21T01:28:15.079183
TXN00616,GB28FHTI31290878141413,CUST0029,6915.2,USD,utilities,UK,False,known,2026-08-04T20:28:15.079189
TXN00617,GB58EUQB92024286990413,CUST0038,610.71,USD,online_retail,USA,False,known,2026-07-24T21:28:15.079195
TXN00618,GB52EGKN97252175250074,CUST0006,991.8,USD,wire_transfer,USA,False,known,2026-05-31T22:28:15.079199
TXN00619,GB16KDPX01660880199488,CUST0016,2182.73,USD,utilities,USA,False,new,2026-06-18T15:28:15.079205
TXN00620,GB62MBNI84229405720259,CUST0022,338.8,USD,entertainment,USA,False,new,2026-07-17T00:28:15.079210
TXN00621,GB40XBRM80347644726490,CUST0087,5213.44,USD,travel,UK,False,known,2026-05-29T16:28:15.079218
TXN00622,GB23CRRX12520566474231,CUST0084,4135.11,USD,gas_station,USA,False,new,2026-05-17T06:28:15.079226
TXN00623,GB93YOHX03718376452088,CUST0065,4200.46,USD,entertainment,Mexico,False,new,2026-07-08T22:28:15.079233
TXN00624,GB02RZSI76973577907141,CUST0048,4973.89,USD,travel,USA,False,new,2026-08-06T00:28:15.079241
TXN00625,GB98IOFS29314386632270,CUST0054,8760.23,USD,online_retail,USA,False,new,2026-08-05T02:28:15.079248
TXN00626,GB98GEQY30965207446660,CUST0002,2200.39,USD,groceries,USA,False,new,2026-06-30T05:28:15.079252
TXN00627,GB90EOFF99275037314530,CUST0034,3753.17,USD,travel,UK,False,new,2026-05-27T11:28:15.079258
TXN00628,GB64TWSI05391037170586,CUST0070,5942.44,USD,gas_station,USA,False,new,2026-07-27T11:28:15.079266
TXN00629,GB95IFRI34795527636556,CUST0053,3925.52,USD,electronics,USA,False,known,2026-05-30T16:28:15.079273
TXN00630,GB08NRRM15335554398780,CUST0023,5870.34,USD,utilities,USA,False,new,2026-05-17T10:28:15.079278
TXN00631,GB90EOFF99275037314530,CUST0034,9212.46,USD,groceries,UK,False,known,2026-07-18T23:28:15.079284
TXN00632,GB03KQMN93465472269848,CUST0018,4167.77,USD,groceries,UK,False,known,2026-07-21T02:28:15.079289
TXN00633,GB44YVHA55488510272614,CUST0017,3251.46,USD,utilities,UK,False,new,2026-06-04T18:28:15.079294
TXN00634,GB77DQVC02203173109678,CUST0070,766.72,USD,travel,USA,False,known,2026-08-02T14:28:15.079301
TXN00635,GB77RFPK53942373334333,CUST0049,4469.04,USD,dining,USA,False,new,2026-07-28T07:28:15.079307
TXN00636,GB43LZWB94801413811386,CUST0071,2368.9,USD,online_retail,Mexico,False,known,2026-07-22T02:28:15.079315
TXN00637,GB47RGXL05830033542168,CUST0008,6328.74,USD,dining,USA,False,new,2026-07-25T08:28:15.079320
TXN00638,GB76RMQK28975585566593,CUST0073,1511.02,USD,groceries,Mexico,False,known,2026-06-28T14:28:15.079327
TXN00639,GB49VMMS38011848955439,CUST0046,3427.25,USD,groceries,USA,False,known,2026-06-29T18:28:15.079333
TXN00640,GB87PSSV68460810620034,CUST0019,148.07,USD,utilities,USA,False,known,2026-06-12T14:28:15.079338
TXN00641,GB27AJHG50488899210752,CUST0074,5522.33,USD,online_retail,UK,False,known,2026-08-05T23:28:15.079346
TXN00642,GB77DQVC02203173109678,CUST0070,4751.73,USD,wire_transfer,USA,False,new,2026-07-06T19:28:15.079353
TXN00643,GB34BDFB45561100225579,CUST0012,7519.97,USD,travel,UK,True,new,2026-05-09T07:28:15.079358
TXN00644,GB33USII86959463688725,CUST0042,7189.84,USD,online_retail,USA,False,known,2026-05-27T04:28:15.079364
TXN00645,GB76ODPB99917381684602,CUST0005,1284.28,USD,groceries,UK,False,new,2026-06-22T01:28:15.079369
TXN00646,GB93MQWD57981238780038,CUST0081,4658.42,USD,wire_transfer,UK,False,known,2026-05-29T02:28:15.079392
TXN00647,GB54DIPU43503136502491,CUST0066,8243.45,USD,wire_transfer,Mexico,False,known,2026-06-08T16:28:15.079414
TXN00648,GB20FDNS79729659027716,CUST0014,7785.38,USD,gas_station,USA,False,new,2026-06-10T15:28:15.079419
TXN00649,GB23CRRX12520566474231,CUST0084,1766.65,USD,groceries,China,True,new,2026-06-19T01:28:15.079427
TXN00650,GB83ZRTW02601279611435,CUST0043,9188.21,USD,atm_withdrawal,UK,False,known,2026-07-29T03:28:15.079476
TXN00651,GB22UORK76084958803955,CUST0097,5825.81,USD,entertainment,USA,False,new,2026-05-28T20:28:15.079488
TXN00652,GB74OJLN42400825478077,CUST0060,420.67,USD,travel,China,True,known,2026-05-14T22:28:15.079562
TXN00653,GB47RGXL05830033542168,CUST0008,942.67,USD,wire_transfer,USA,False,new,2026-06-05T18:28:15.079610
TXN00654,GB61JUFD23094077780973,CUST0090,2435.14,USD,entertainment,USA,False,known,2026-05-09T06:28:15.079647
TXN00655,GB27OBCI50899358891637,CUST0014,8820.19,USD,electronics,Nigeria,True,new,2026-05-15T09:28:15.079658
TXN00656,GB34BDFB45561100225579,CUST0012,7546.4,USD,groceries,USA,False,new,2026-06-14T13:28:15.079664
TXN00657,GB83CEIA56829962914504,CUST0098,8974.01,USD,gas_station,Mexico,True,known,2026-06-29T22:28:15.079673
TXN00658,GB19EPAQ08697829221699,CUST0018,1803.93,USD,gas_station,UK,False,known,2026-05-30T12:28:15.079678
TXN00659,GB09POOL47812914283411,CUST0032,7089.3,USD,wire_transfer,USA,False,new,2026-05-27T11:28:15.079686
TXN00660,GB02EFAY99499939330517,CUST0084,1588.85,USD,travel,USA,False,new,2026-06-13T21:28:15.079694
TXN00661,GB30YNRC47214586833901,CUST0093,9485.13,USD,online_retail,UK,False,new,2026-07-17T07:28:15.079702
TXN00662,GB05HHXJ72282005577848,CUST0059,3920.2,USD,atm_withdrawal,UK,False,new,2026-06-26T13:28:15.079709
TXN00663,GB83ZRTW02601279611435,CUST0043,7275.4,USD,utilities,UK,False,new,2026-07-10T12:28:15.079716
TXN00664,GB20KORE32983248262925,CUST0083,6901.34,USD,utilities,USA,False,known,2026-06-18T00:28:15.079723
TXN00665,GB42NNBK58303441448850,CUST0095,2856.67,USD,dining,USA,False,known,2026-06-30T00:28:15.079731
TXN00666,GB05HHXJ72282005577848,CUST0059,5287.29,USD,wire_transfer,Russia,True,known,2026-05-28T08:28:15.079739
TXN00667,GB81TGGD63735160917798,CUST0017,2521.06,USD,wire_transfer,India,True,known,2026-07-18T20:28:15.079744
TXN00668,GB33USII86959463688725,CUST0042,5421.78,USD,wire_transfer,USA,False,known,2026-06-29T22:28:15.079750
TXN00669,GB41LVVU62890028772175,CUST0015,4641.18,USD,wire_transfer,USA,False,known,2026-06-06T19:28:15.079755
TXN00670,GB61GSSU82455877169472,CUST0056,7412.26,USD,entertainment,France,True,new,2026-06-19T22:28:15.079763
TXN00671,GB60BJGZ94070164510463,CUST0080,7104.21,USD,wire_transfer,UK,False,known,2026-07-22T17:28:15.079770
TXN00672,GB43LZWB94801413811386,CUST0071,5131.63,USD,travel,China,True,new,2026-08-01T14:28:15.079778
TXN00673,GB60VJTV99827950145561,CUST0092,6401.17,USD,atm_withdrawal,Mexico,False,new,2026-07-18T23:28:15.079785
TXN00674,GB30YNRC47214586833901,CUST0093,1410.38,USD,entertainment,Germany,True,known,2026-06-30T12:28:15.079794
TXN00675,GB40XBRM80347644726490,CUST0087,3795.32,USD,electronics,UK,False,new,2026-07-31T07:28:15.079802
TXN00676,GB60VJTV99827950145561,CUST0092,7240.5,USD,online_retail,Mexico,False,known,2026-05-09T20:28:15.079810
TXN00677,GB06TFMR60259222206447,CUST0089,5333.29,USD,gas_station,USA,False,known,2026-05-25T18:28:15.079818
TXN00678,GB46CTBX66984902770384,CUST0044,8779.69,USD,electronics,Germany,True,known,2026-06-26T03:28:15.079825
TXN00679,GB34VXMO99813646225179,CUST0076,3050.41,USD,wire_transfer,UK,False,known,2026-06-23T18:28:15.079833
TXN00680,GB19UMIO59876220234132,CUST0057,7805.94,USD,online_retail,USA,False,known,2026-06-23T05:28:15.079840
TXN00681,GB93MQWD57981238780038,CUST0081,3554.43,USD,electronics,Nigeria,True,known,2026-07-12T03:28:15.079847
TXN00682,GB63GTGY48356420873753,CUST0011,8253.8,USD,utilities,Mexico,False,known,2026-05-19T20:28:15.079852
TXN00683,GB07KCYE04618723460136,CUST0064,4278.33,USD,groceries,USA,False,new,2026-07-23T15:28:15.079859
TXN00684,GB58EUQB92024286990413,CUST0038,5193.3,USD,utilities,USA,False,new,2026-07-10T18:28:15.079865
TXN00685,GB85YLQZ87704358112880,CUST0025,3580.88,USD,gas_station,USA,False,known,2026-05-14T00:28:15.079871
TXN00686,GB07GOMS04268181845184,CUST0047,7498.34,USD,wire_transfer,Mexico,False,new,2026-07-01T18:28:15.079877
TXN00687,GB63GTGY48356420873753,CUST0011,3695.19,USD,utilities,Mexico,False,new,2026-08-05T22:28:15.079882
TXN00688,GB88KWXR33394522885158,CUST0019,4833.59,USD,electronics,Germany,True,new,2026-07-08T12:28:15.079888
TXN00689,GB06TFMR60259222206447,CUST0089,1775.03,USD,gas_station,USA,False,new,2026-05-30T22:28:15.079895
TXN00690,GB76ODPB99917381684602,CUST0005,4656.91,USD,travel,China,True,known,2026-06-28T14:28:15.079901
TXN00691,GB93YOHX03718376452088,CUST0065,2875.59,USD,gas_station,Mexico,False,new,2026-06-22T04:28:15.079907
TXN00692,GB34BDFB45561100225579,CUST0012,8969.58,USD,utilities,USA,False,known,2026-06-19T00:28:15.079913
TXN00693,GB97BFZI81934667665061,CUST0027,1308.29,USD,atm_withdrawal,USA,False,known,2026-06-17T03:28:15.079918
TXN00694,GB45XBRM41686227837693,CUST0077,9220.25,USD,wire_transfer,Mexico,False,new,2026-07-18T11:28:15.079926
TXN00695,GB27IHEK62168936392649,CUST0082,1320.78,USD,gas_station,USA,False,known,2026-07-11T04:28:15.079933
TXN00696,GB47DVLO39930561648408,CUST0024,8641.3,USD,atm_withdrawal,Mexico,False,known,2026-05-08T08:28:15.079939
TXN00697,GB62MMVA72832684245088,CUST0028,9011.97,USD,electronics,USA,False,known,2026-05-27T07:28:15.079944
TXN00698,GB20OEWR29979688457831,CUST0059,284.94,USD,entertainment,UK,False,new,2026-07-19T01:28:15.079951
TXN00699,GB34VXMO99813646225179,CUST0076,2604.69,USD,dining,UK,False,known,2026-05-17T01:28:15.079958
TXN00700,GB65BYUT47985158328182,CUST0023,2538.86,USD,wire_transfer,USA,False,known,2026-05-20T05:28:15.079964
TXN00701,GB33USII86959463688725,CUST0042,759.62,USD,online_retail,USA,False,known,2026-08-03T13:28:15.079973
TXN00702,GB60VJTV99827950145561,CUST0092,6172.65,USD,travel,Mexico,False,new,2026-06-07T02:28:15.079981
TXN00703,GB61JUFD23094077780973,CUST0090,2153.46,USD,atm_withdrawal,USA,False,known,2026-07-17T18:28:15.079989
TXN00704,GB78HTLE11179080759579,CUST0050,6379.36,USD,dining,UK,False,known,2026-07-09T01:28:15.079995
TXN00705,GB26IXCL52166746762120,CUST0013,4657.01,USD,entertainment,Mexico,False,new,2026-06-11T05:28:15.080001
TXN00706,GB98GBZT88392053021465,CUST0045,6986.98,USD,atm_withdrawal,UK,False,new,2026-08-01T05:28:15.080007
TXN00707,GB52SRGM84577600490824,CUST0073,5095.83,USD,groceries,Mexico,False,known,2026-05-25T05:28:15.080014
TXN00708,GB20KORE32983248262925,CUST0083,4930.08,USD,atm_withdrawal,USA,False,known,2026-08-01T17:28:15.080022
TXN00709,GB76RMQK28975585566593,CUST0073,1807.63,USD,online_retail,Mexico,False,new,2026-05-18T23:28:15.080029
TXN00710,GB14FUZK69961125355449,CUST0057,1585.79,USD,utilities,USA,False,known,2026-07-01T10:28:15.080036
TXN00711,GB42NNBK58303441448850,CUST0095,4293.87,USD,gas_station,USA,False,known,2026-06-08T04:28:15.080044
TXN00712,GB81AQUA99693084887256,CUST0033,1289.74,USD,atm_withdrawal,Mexico,False,new,2026-05-09T07:28:15.080050
TXN00713,GB20KORE32983248262925,CUST0083,8510.57,USD,online_retail,Brazil,True,known,2026-05-23T02:28:15.080058
TXN00714,GB49VMMS38011848955439,CUST0046,7567.64,USD,electronics,USA,False,known,2026-05-15T02:28:15.080064
TXN00715,GB37YZFJ42043805719838,CUST0020,814.99,USD,atm_withdrawal,UK,False,known,2026-05-17T13:28:15.080069
TXN00716,GB64TWSI05391037170586,CUST0070,8666.84,USD,wire_transfer,USA,False,known,2026-08-01T19:28:15.080077
TXN00717,GB87EDBA99688143536822,CUST0029,492.19,USD,utilities,UK,False,new,2026-07-15T02:28:15.080082
TXN00718,GB27IHEK62168936392649,CUST0082,8536.66,USD,dining,USA,False,known,2026-07-14T21:28:15.080090
TXN00719,GB49VMMS38011848955439,CUST0046,7671.78,USD,wire_transfer,Brazil,True,new,2026-06-04T07:28:15.080111
TXN00720,GB93RRPI49562137213865,CUST0043,4313.25,USD,online_retail,UK,False,known,2026-05-14T09:28:15.080118
TXN00721,GB71AQVL89944171545444,CUST0002,5889.68,USD,gas_station,USA,False,known,2026-05-28T16:28:15.080123
TXN00722,GB76JNVD84992618914117,CUST0010,3318.94,USD,travel,UK,False,known,2026-07-30T04:28:15.080128
TXN00723,GB61GSSU82455877169472,CUST0056,1038.89,USD,travel,USA,False,known,2026-07-26T23:28:15.080135
TXN00724,GB95IFRI34795527636556,CUST0053,5654.23,USD,gas_station,USA,False,known,2026-05-10T02:28:15.080142
TXN00725,GB23CRRX12520566474231,CUST0084,889.23,USD,utilities,USA,False,new,2026-06-21T23:28:15.080149
TXN00726,GB42YTHK18638782945651,CUST0069,8012.22,USD,electronics,Mexico,False,new,2026-07-29T11:28:15.080156
TXN00727,GB42XKMT99880817703886,CUST0086,3130.83,USD,atm_withdrawal,UK,False,known,2026-05-10T16:28:15.080164
TXN00728,GB58EUQB92024286990413,CUST0038,6933.77,USD,gas_station,USA,False,known,2026-07-24T06:28:15.080170
TXN00729,GB66OSWG71452111751868,CUST0088,2731.84,USD,wire_transfer,UK,False,new,2026-05-21T02:28:15.080178
TXN00730,GB02RZSI76973577907141,CUST0048,8807.87,USD,wire_transfer,USA,False,new,2026-05-19T13:28:15.080185
TXN00731,GB48DVKK69902355770272,CUST0096,7676.77,USD,wire_transfer,Mexico,False,known,2026-06-04T09:28:15.080193
TXN00732,GB63FNPE88574489061203,CUST0055,232.75,USD,electronics,Mexico,False,known,2026-08-06T21:28:15.080200
TXN00733,GB45XBRM41686227837693,CUST0077,5326.15,USD,dining,Mexico,False,known,2026-06-25T13:28:15.080210
TXN00734,GB13AQEO23184322259136,CUST0036,2927.3,USD,gas_station,USA,False,new,2026-07-05T22:28:15.080216
TXN00735,GB71AQVL89944171545444,CUST0002,6883.15,USD,wire_transfer,India,True,known,2026-06-24T12:28:15.080221
TXN00736,GB68WSES95562053364525,CUST0031,4554.13,USD,online_retail,USA,False,known,2026-06-24T03:28:15.080227
TXN00737,GB08NRRM15335554398780,CUST0023,8475.09,USD,gas_station,USA,False,new,2026-05-18T10:28:15.080233
TXN00738,GB51EQTP52677223306046,CUST0085,536.93,USD,gas_station,UK,False,new,2026-06-15T01:28:15.080240
TXN00739,GB05HHXJ72282005577848,CUST0059,5487.39,USD,entertainment,UK,False,new,2026-08-04T18:28:15.080247
TXN00740,GB26IXCL52166746762120,CUST0013,3225.25,USD,atm_withdrawal,Mexico,False,known,2026-07-03T00:28:15.080252
TXN00741,GB76RMQK28975585566593,CUST0073,6701.5,USD,entertainment,Mexico,False,known,2026-07-23T15:28:15.080260
TXN00742,GB78HTLE11179080759579,CUST0050,3533.19,USD,utilities,UK,False,known,2026-06-04T17:28:15.080266
TXN00743,GB22UORK76084958803955,CUST0097,7458.04,USD,dining,USA,False,known,2026-07-23T13:28:15.080274
TXN00744,GB20JKPM20555438404608,CUST0081,1467.97,USD,entertainment,UK,False,new,2026-06-06T08:28:15.080282
TXN00745,GB22UORK76084958803955,CUST0097,7311.23,USD,electronics,USA,False,known,2026-06-26T20:28:15.080290
TXN00746,GB74ZKXD77739260302992,CUST0037,6781.37,USD,gas_station,Mexico,False,known,2026-06-09T12:28:15.080296
TXN00747,GB71AQVL89944171545444,CUST0002,8057.94,USD,electronics,USA,False,new,2026-08-01T03:28:15.080301
TXN00748,GB11HXVG31279757366096,CUST0086,7279.88,USD,utilities,UK,False,known,2026-07-24T08:28:15.080311
TXN00749,GB22MDDC78006811492164,CUST0058,1909.27,USD,utilities,UK,False,new,2026-07-11T14:28:15.080318
TXN00750,GB93NCPH57438421503178,CUST0099,1122.09,USD,travel,USA,False,known,2026-06-11T03:28:15.080326
TXN00751,GB59IPFY84639208678085,CUST0051,977.05,USD,gas_station,France,True,new,2026-05-27T08:28:15.080333
TXN00752,GB20OEWR29979688457831,CUST0059,5455.92,USD,travel,UK,False,known,2026-05-08T15:28:15.080342
TXN00753,GB22MDDC78006811492164,CUST0058,4217.43,USD,travel,UK,False,known,2026-06-24T07:28:15.080349
TXN00754,GB42XKMT99880817703886,CUST0086,3647.28,USD,electronics,UK,False,new,2026-07-31T21:28:15.080356
TXN00755,GB52SRGM84577600490824,CUST0073,5981.82,USD,online_retail,Mexico,False,new,2026-05-22T06:28:15.080364
TXN00756,GB22MDDC78006811492164,CUST0058,7206.03,USD,gas_station,UK,False,known,2026-07-12T02:28:15.080371
TXN00757,GB11HXVG31279757366096,CUST0086,4451.28,USD,online_retail,UK,False,new,2026-07-26T02:28:15.080378
TXN00758,GB11HXVG31279757366096,CUST0086,8181.11,USD,wire_transfer,UK,False,new,2026-07-09T20:28:15.080386
TXN00759,GB28RFCQ27448570862095,CUST0068,3141.46,USD,entertainment,USA,False,new,2026-05-09T03:28:15.080393
TXN00760,GB06TFMR60259222206447,CUST0089,4549.8,USD,travel,Brazil,True,new,2026-07-23T13:28:15.080401
TXN00761,GB54DIPU43503136502491,CUST0066,982.34,USD,electronics,Mexico,False,new,2026-07-21T08:28:15.080409
TXN00762,GB27OBCI50899358891637,CUST0014,3810.75,USD,atm_withdrawal,USA,False,known,2026-05-30T10:28:15.080418
TXN00763,GB46CTBX66984902770384,CUST0044,632.24,USD,dining,UK,False,new,2026-06-06T12:28:15.080455
TXN00764,GB60BJGZ94070164510463,CUST0080,6595.79,USD,travel,UK,False,known,2026-06-24T07:28:15.080515
TXN00765,GB06TFMR60259222206447,CUST0089,5275.56,USD,online_retail,France,True,known,2026-06-08T14:28:15.080563
TXN00766,GB19UMIO59876220234132,CUST0057,1037.53,USD,wire_transfer,USA,False,new,2026-07-29T05:28:15.080589
TXN00767,GB86JAYN49308536866326,CUST0060,864.61,USD,travel,USA,False,known,2026-05-14T23:28:15.080599
TXN00768,GB97UCGV36138612075011,CUST0026,2772.82,USD,wire_transfer,Mexico,False,new,2026-06-10T07:28:15.080618
TXN00769,GB30FMUM59184638655779,CUST0035,5419.77,USD,utilities,UK,False,new,2026-06-27T15:28:15.080632
TXN00770,GB93YOHX03718376452088,CUST0065,5811.1,USD,gas_station,Mexico,False,new,2026-05-25T00:28:15.080640
TXN00771,GB62MBNI84229405720259,CUST0022,8560.71,USD,groceries,USA,False,known,2026-07-30T13:28:15.080646
TXN00772,GB28BLUE81273585730652,CUST0067,4104.14,USD,wire_transfer,Russia,True,new,2026-08-03T17:28:15.080654
TXN00773,GB20OEWR29979688457831,CUST0059,4137.13,USD,dining,UK,False,known,2026-06-16T12:28:15.080676
TXN00774,GB40XBRM80347644726490,CUST0087,8012.4,USD,entertainment,UK,False,new,2026-05-27T12:28:15.080684
TXN00775,GB96RAUX91901581449147,CUST0028,1279.96,USD,electronics,USA,False,known,2026-05-13T20:28:15.080690
TXN00776,GB85YLQZ87704358112880,CUST0025,4151.8,USD,travel,USA,False,known,2026-06-05T03:28:15.080696
TXN00777,GB47DVLO39930561648408,CUST0024,8489.57,USD,wire_transfer,Mexico,False,new,2026-06-14T10:28:15.080702
TXN00778,GB81AQUA99693084887256,CUST0033,7791.58,USD,atm_withdrawal,Mexico,False,new,2026-06-13T07:28:15.080708
TXN00779,GB95NHZP65991624731498,CUST0041,5492.53,USD,dining,Mexico,False,new,2026-05-22T00:28:15.080714
TXN00780,GB34VXMO99813646225179,CUST0076,322.72,USD,groceries,UK,False,new,2026-05-25T13:28:15.080721
TXN00781,GB42YTHK18638782945651,CUST0069,1354.12,USD,gas_station,Brazil,True,new,2026-05-10T22:28:15.080730
TXN00782,GB11HXVG31279757366096,CUST0086,844.8,USD,online_retail,UK,False,known,2026-06-01T05:28:15.080738
TXN00783,GB55MWQD04091570184094,CUST0100,506.09,USD,entertainment,USA,False,known,2026-06-28T05:28:15.080746
TXN00784,GB42XKMT99880817703886,CUST0086,6972.57,USD,atm_withdrawal,UK,False,new,2026-06-07T06:28:15.080754
TXN00785,GB39IPUD75455884506159,CUST0055,8767.6,USD,utilities,Mexico,False,new,2026-08-02T02:28:15.080761
TXN00786,GB34BDFB45561100225579,CUST0012,5444.31,USD,utilities,USA,False,known,2026-05-24T19:28:15.080766
TXN00787,GB98IOFS29314386632270,CUST0054,734.81,USD,utilities,USA,False,new,2026-07-21T08:28:15.080772
TXN00788,GB65BYUT47985158328182,CUST0023,139.86,USD,electronics,USA,False,known,2026-07-02T16:28:15.080777
TXN00789,GB97BFZI81934667665061,CUST0027,2485.59,USD,dining,USA,False,new,2026-06-20T19:28:15.080783
TXN00790,GB81AQUA99693084887256,CUST0033,9348.76,USD,travel,Mexico,False,known,2026-08-02T14:28:15.080789
TXN00791,GB24GSVP76719903849830,CUST0091,2264.31,USD,online_retail,UK,False,known,2026-06-15T12:28:15.080797
TXN00792,GB58EUQB92024286990413,CUST0038,6103.27,USD,electronics,USA,False,known,2026-06-23T23:28:15.080803
TXN00793,GB28FHTI31290878141413,CUST0029,4527.15,USD,gas_station,UK,False,known,2026-06-07T15:28:15.080808
TXN00794,GB43LZWB94801413811386,CUST0071,2498.63,USD,gas_station,Mexico,False,new,2026-06-18T09:28:15.080816
TXN00795,GB93SWSG53875842824172,CUST0003,6447.29,USD,gas_station,UK,False,known,2026-06-10T12:28:15.080820
TXN00796,GB81TGGD63735160917798,CUST0017,9083.96,USD,atm_withdrawal,UK,False,new,2026-05-17T13:28:15.080826
TXN00797,GB16DUOT74973502080214,CUST0062,6217.99,USD,atm_withdrawal,USA,False,new,2026-07-25T16:28:15.080832
TXN00798,GB83ZRTW02601279611435,CUST0043,4941.95,USD,travel,UK,False,new,2026-05-23T18:28:15.080839
TXN00799,GB98GEQY30965207446660,CUST0002,3909.81,USD,gas_station,USA,False,known,2026-07-30T00:28:15.080844
TXN00800,GB27IHEK62168936392649,CUST0082,1838.29,USD,groceries,USA,False,known,2026-07-01T16:28:15.080851
TXN00801,GB66AAVC19721811437447,CUST0012,9029.89,USD,electronics,USA,False,known,2026-05-14T18:28:15.080856
TXN00802,GB90GUVO55037589975711,CUST0016,6237.47,USD,wire_transfer,USA,False,known,2026-07-21T12:28:15.080861
TXN00803,GB87PSSV68460810620034,CUST0019,4438.74,USD,electronics,USA,False,new,2026-07-05T15:28:15.080867
TXN00804,GB59IPFY84639208678085,CUST0051,7315.02,USD,entertainment,Mexico,False,new,2026-05-10T03:28:15.080873
TXN00805,GB87EDBA99688143536822,CUST0029,3639.68,USD,entertainment,UK,False,known,2026-07-02T23:28:15.080879
TXN00806,GB02RZSI76973577907141,CUST0048,4188.26,USD,online_retail,USA,False,known,2026-07-04T19:28:15.080885
TXN00807,GB52SRGM84577600490824,CUST0073,1371.07,USD,atm_withdrawal,Mexico,False,known,2026-06-05T21:28:15.080892
TXN00808,GB88KWXR33394522885158,CUST0019,336.0,USD,electronics,USA,False,new,2026-07-04T21:28:15.080897
TXN00809,GB27IHEK62168936392649,CUST0082,6084.98,USD,groceries,Brazil,True,new,2026-07-18T04:28:15.080905
TXN00810,GB77RFPK53942373334333,CUST0049,5461.21,USD,gas_station,USA,False,new,2026-06-25T12:28:15.080912
TXN00811,GB64WQEO71812982665702,CUST0087,2149.42,USD,atm_withdrawal,UK,False,new,2026-07-29T07:28:15.080922
TXN00812,GB22UWWU59893347212281,CUST0021,6479.03,USD,atm_withdrawal,UK,False,known,2026-06-22T14:28:15.080928
TXN00813,GB44YVHA55488510272614,CUST0017,7992.02,USD,utilities,UK,False,known,2026-06-24T22:28:15.080933
TXN00814,GB09POOL47812914283411,CUST0032,1818.58,USD,atm_withdrawal,USA,False,known,2026-06-18T03:28:15.080939
TXN00815,GB28BLUE81273585730652,CUST0067,6986.9,USD,travel,USA,False,known,2026-05-18T10:28:15.080946
TXN00816,GB83VGQZ56770051844989,CUST0034,3696.35,USD,gas_station,France,True,new,2026-07-07T09:28:15.080952
TXN00817,GB65FEBU50209945101622,CUST0092,356.72,USD,groceries,Mexico,False,new,2026-06-11T00:28:15.080960
TXN00818,GB02FZMA33230982150648,CUST0009,6341.17,USD,online_retail,UK,False,known,2026-07-10T04:28:15.080965
TXN00819,GB33USII86959463688725,CUST0042,1349.4,USD,groceries,USA,False,new,2026-08-02T01:28:15.080971
TXN00820,GB86TBTB10016761847230,CUST0010,141.4,USD,groceries,UK,False,new,2026-05-15T20:28:15.080977
TXN00821,GB81TGGD63735160917798,CUST0017,612.28,USD,electronics,UK,False,known,2026-07-16T06:28:15.080982
TXN00822,GB65FEBU50209945101622,CUST0092,604.23,USD,dining,Mexico,False,new,2026-05-20T17:28:15.080990
TXN00823,GB55IEWO03120735647570,CUST0063,3083.61,USD,wire_transfer,USA,False,known,2026-05-12T12:28:15.080996
TXN00824,GB74OJLN42400825478077,CUST0060,5636.34,USD,entertainment,USA,False,known,2026-07-10T23:28:15.081003
TXN00825,GB41MHQZ40666580043973,CUST0020,6616.33,USD,gas_station,UK,False,known,2026-06-14T19:28:15.081008
TXN00826,GB93MQWD57981238780038,CUST0081,1271.36,USD,wire_transfer,UK,False,new,2026-05-24T23:28:15.081016
TXN00827,GB62MMVA72832684245088,CUST0028,73.59,USD,electronics,Brazil,True,new,2026-07-28T00:28:15.081022
TXN00828,GB45XBRM41686227837693,CUST0077,1209.84,USD,travel,Mexico,False,new,2026-06-07T02:28:15.081030
TXN00829,GB48DVKK69902355770272,CUST0096,5802.06,USD,groceries,Mexico,False,known,2026-07-07T19:28:15.081038
TXN00830,GB65FEBU50209945101622,CUST0092,7852.46,USD,utilities,Mexico,False,new,2026-07-26T04:28:15.081046
TXN00831,GB29RTXQ33146591166553,CUST0077,9372.8,USD,electronics,Nigeria,True,new,2026-07-13T21:28:15.081054
TXN00832,GB55MWQD04091570184094,CUST0100,6265.31,USD,utilities,USA,False,known,2026-06-08T04:28:15.081062
TXN00833,GB83VGQZ56770051844989,CUST0034,4728.9,USD,travel,UK,True,known,2026-05-11T09:28:15.081068
TXN00834,GB63GTGY48356420873753,CUST0011,4132.21,USD,entertainment,Mexico,False,new,2026-07-01T18:28:15.081073
TXN00835,GB86TBTB10016761847230,CUST0010,1505.64,USD,groceries,USA,True,new,2026-05-30T19:28:15.081079
TXN00836,GB92SPQX77293430107139,CUST0095,5509.84,USD,atm_withdrawal,Nigeria,True,known,2026-06-11T06:28:15.081087
TXN00837,GB86JAYN49308536866326,CUST0060,2167.79,USD,dining,USA,False,new,2026-07-23T14:28:15.081094
TXN00838,GB13AQEO23184322259136,CUST0036,4477.05,USD,online_retail,USA,False,known,2026-07-09T22:28:15.081100
TXN00839,GB60BJGZ94070164510463,CUST0080,1695.69,USD,entertainment,UK,False,known,2026-05-20T10:28:15.081107
TXN00840,GB02EFAY99499939330517,CUST0084,9267.9,USD,dining,USA,False,new,2026-05-18T13:28:15.081115
TXN00841,GB62MBNI84229405720259,CUST0022,1301.08,USD,online_retail,France,True,new,2026-07-30T16:28:15.081120
TXN00842,GB29RTXQ33146591166553,CUST0077,8421.45,USD,wire_transfer,Mexico,False,known,2026-06-24T17:28:15.081127
TXN00843,GB88XSPK52314913577594,CUST0030,826.07,USD,gas_station,USA,False,new,2026-05-28T17:28:15.081159
TXN00844,GB96SCHM62103886291279,CUST0039,142.71,USD,atm_withdrawal,Mexico,False,known,2026-06-08T16:28:15.081167
TXN00845,GB98GBZT88392053021465,CUST0045,8472.86,USD,wire_transfer,UK,False,known,2026-05-24T17:28:15.081174
TXN00846,GB71AQVL89944171545444,CUST0002,9417.14,USD,gas_station,USA,False,known,2026-08-01T23:28:15.081179
TXN00847,GB04KLTU04259792703352,CUST0078,7803.16,USD,online_retail,USA,False,new,2026-06-06T02:28:15.081187
TXN00848,GB83ZRTW02601279611435,CUST0043,3865.84,USD,dining,USA,True,known,2026-05-10T01:28:15.081193
TXN00849,GB28BLUE81273585730652,CUST0067,156.26,USD,utilities,USA,False,known,2026-05-16T22:28:15.081200
TXN00850,GB02EFAY99499939330517,CUST0084,9276.12,USD,online_retail,USA,False,known,2026-05-25T00:28:15.081208
TXN00851,GB22WWSD94096105566139,CUST0075,4413.49,USD,groceries,UK,False,known,2026-06-20T04:28:15.081215
TXN00852,GB34GGQV39288619576122,CUST0072,315.62,USD,atm_withdrawal,Mexico,False,new,2026-06-25T08:28:15.081223
TXN00853,GB55MWQD04091570184094,CUST0100,773.71,USD,entertainment,USA,False,known,2026-07-11T03:28:15.081231
TXN00854,GB92SPQX77293430107139,CUST0095,8436.35,USD,electronics,USA,False,new,2026-05-12T13:28:15.081239
TXN00855,GB28RFCQ27448570862095,CUST0068,3484.28,USD,gas_station,USA,False,known,2026-08-01T13:28:15.081246
TXN00856,GB74ZKXD77739260302992,CUST0037,5128.82,USD,online_retail,Mexico,False,known,2026-06-25T17:28:15.081252
TXN00857,GB95NHZP65991624731498,CUST0041,6463.75,USD,utilities,Mexico,False,known,2026-07-03T08:28:15.081258
TXN00858,GB26IXCL52166746762120,CUST0013,4766.27,USD,electronics,Mexico,False,new,2026-06-10T09:28:15.081263
TXN00859,GB93NCPH57438421503178,CUST0099,4296.53,USD,entertainment,USA,False,known,2026-05-30T15:28:15.081271
TXN00860,GB90EOFF99275037314530,CUST0034,766.22,USD,travel,UK,False,new,2026-06-09T22:28:15.081278
TXN00861,GB41LVVU62890028772175,CUST0015,1409.82,USD,travel,Russia,True,known,2026-07-23T02:28:15.081283
TXN00862,GB48DVKK69902355770272,CUST0096,3960.02,USD,gas_station,Mexico,False,known,2026-08-04T15:28:15.081293
TXN00863,GB40XBRM80347644726490,CUST0087,6126.28,USD,utilities,UK,False,known,2026-06-11T01:28:15.081301
TXN00864,GB26IXCL52166746762120,CUST0013,3194.16,USD,wire_transfer,Nigeria,True,new,2026-06-01T04:28:15.081307
TXN00865,GB86JAYN49308536866326,CUST0060,5038.93,USD,gas_station,USA,False,new,2026-05-13T02:28:15.081314
TXN00866,GB02EFAY99499939330517,CUST0084,1635.64,USD,utilities,USA,False,known,2026-07-21T15:28:15.081321
TXN00867,GB66OSWG71452111751868,CUST0088,1413.47,USD,utilities,UK,False,new,2026-07-01T23:28:15.081328
TXN00868,GB28FHTI31290878141413,CUST0029,5087.83,USD,travel,UK,False,known,2026-07-17T02:28:15.081334
TXN00869,GB96RAUX91901581449147,CUST0028,9440.87,USD,wire_transfer,USA,False,known,2026-07-23T23:28:15.081340
TXN00870,GB93MQWD57981238780038,CUST0081,5345.82,USD,groceries,UK,False,new,2026-07-14T18:28:15.081347
TXN00871,GB93YOHX03718376452088,CUST0065,9267.05,USD,gas_station,Mexico,False,new,2026-06-10T07:28:15.081354
TXN00872,GB22UWWU59893347212281,CUST0021,7302.08,USD,online_retail,UK,False,new,2026-06-16T09:28:15.081359
TXN00873,GB96RAUX91901581449147,CUST0028,6150.58,USD,utilities,China,True,new,2026-06-03T14:28:15.081365
TXN00874,GB63FNPE88574489061203,CUST0055,1401.56,USD,wire_transfer,Mexico,False,new,2026-05-25T03:28:15.081373
TXN00875,GB55IEWO03120735647570,CUST0063,1328.82,USD,gas_station,USA,False,known,2026-06-06T23:28:15.081380
TXN00876,GB19UMIO59876220234132,CUST0057,3398.45,USD,entertainment,France,True,known,2026-07-09T10:28:15.081387
TXN00877,GB83VGQZ56770051844989,CUST0034,1863.32,USD,electronics,UK,False,new,2026-07-09T16:28:15.081393
TXN00878,GB90GUVO55037589975711,CUST0016,4661.97,USD,wire_transfer,USA,False,known,2026-06-17T18:28:15.081398
TXN00879,GB65IBPW78487392855749,CUST0068,3671.14,USD,groceries,USA,False,new,2026-06-13T13:28:15.081408
TXN00880,GB93YOHX03718376452088,CUST0065,836.75,USD,online_retail,Mexico,False,new,2026-06-10T07:28:15.081415
TXN00881,GB20JKPM20555438404608,CUST0081,8516.59,USD,travel,UK,False,known,2026-06-13T01:28:15.081423
TXN00882,GB85YLQZ87704358112880,CUST0025,9373.13,USD,electronics,USA,False,new,2026-06-07T08:28:15.081429
TXN00883,GB90GUVO55037589975711,CUST0016,5282.45,USD,wire_transfer,Russia,True,known,2026-06-14T19:28:15.081434
TXN00884,GB13AQEO23184322259136,CUST0036,5263.97,USD,groceries,USA,False,new,2026-06-19T15:28:15.081440
TXN00885,GB14FUZK69961125355449,CUST0057,259.85,USD,groceries,USA,False,known,2026-06-08T17:28:15.081473
TXN00886,GB59MUZH35658804341651,CUST0049,4491.78,USD,utilities,USA,False,new,2026-05-17T04:28:15.081514
TXN00887,GB09POOL47812914283411,CUST0032,2328.9,USD,electronics,USA,False,new,2026-05-10T04:28:15.081558
TXN00888,GB24GSVP76719903849830,CUST0091,7084.15,USD,wire_transfer,UK,False,new,2026-07-29T05:28:15.081657
TXN00889,GB60BJGZ94070164510463,CUST0080,4525.01,USD,electronics,UK,False,new,2026-05-18T03:28:15.081678
TXN00890,GB92SPQX77293430107139,CUST0095,1551.23,USD,groceries,USA,False,known,2026-08-04T16:28:15.081687
TXN00891,GB20OEWR29979688457831,CUST0059,3398.37,USD,groceries,UK,False,new,2026-05-10T20:28:15.081694
TXN00892,GB65IBPW78487392855749,CUST0068,2757.18,USD,gas_station,USA,False,known,2026-06-22T23:28:15.081701
TXN00893,GB92SPQX77293430107139,CUST0095,7265.73,USD,wire_transfer,USA,False,known,2026-05-18T19:28:15.081709
TXN00894,GB74OJLN42400825478077,CUST0060,2582.5,USD,entertainment,USA,False,known,2026-05-11T15:28:15.081715
TXN00895,GB93NCPH57438421503178,CUST0099,1305.33,USD,utilities,USA,False,new,2026-07-20T00:28:15.081724
TXN00896,GB06TFMR60259222206447,CUST0089,2073.73,USD,gas_station,USA,False,known,2026-07-17T21:28:15.081731
TXN00897,GB90EOFF99275037314530,CUST0034,6553.25,USD,gas_station,UK,False,known,2026-05-27T05:28:15.081737
TXN00898,GB45XBRM41686227837693,CUST0077,7779.93,USD,groceries,Mexico,False,new,2026-07-28T21:28:15.081745
TXN00899,GB54DIPU43503136502491,CUST0066,7762.78,USD,wire_transfer,Mexico,False,new,2026-06-21T20:28:15.081752
TXN00900,GB68WSES95562053364525,CUST0031,7739.38,USD,dining,USA,False,known,2026-08-03T01:28:15.081757
TXN00901,GB85YLQZ87704358112880,CUST0025,1997.44,USD,electronics,USA,False,new,2026-06-28T20:28:15.081763
TXN00902,GB87PSSV68460810620034,CUST0019,1869.35,USD,groceries,Brazil,True,known,2026-06-12T23:28:15.081769
TXN00903,GB42XKMT99880817703886,CUST0086,2869.13,USD,groceries,Russia,True,known,2026-08-01T22:28:15.081777
TXN00904,GB22UWWU59893347212281,CUST0021,8561.66,USD,travel,UK,False,new,2026-07-11T06:28:15.081782
TXN00905,GB26GYYF92712966667600,CUST0007,3349.17,USD,gas_station,Russia,True,known,2026-05-24T13:28:15.081788
TXN00906,GB30YNRC47214586833901,CUST0093,7252.0,USD,gas_station,UK,False,known,2026-07-25T06:28:15.081796
TXN00907,GB83VGQZ56770051844989,CUST0034,46.1,USD,electronics,UK,False,known,2026-07-16T07:28:15.081802
TXN00908,GB30YNRC47214586833901,CUST0093,6633.77,USD,travel,UK,False,new,2026-06-07T13:28:15.081810
TXN00909,GB88KWXR33394522885158,CUST0019,4031.75,USD,gas_station,USA,False,known,2026-06-22T12:28:15.081815
TXN00910,GB59AUYU60480589258320,CUST0075,1052.45,USD,travel,India,True,new,2026-07-22T10:28:15.081823
TXN00911,GB65IBPW78487392855749,CUST0068,390.58,USD,entertainment,USA,False,new,2026-05-27T01:28:15.081830
TXN00912,GB37YZFJ42043805719838,CUST0020,6994.98,USD,online_retail,UK,False,known,2026-06-09T05:28:15.081835
TXN00913,GB59AUYU60480589258320,CUST0075,8140.07,USD,online_retail,UK,False,new,2026-06-13T18:28:15.081842
TXN00914,GB09POOL47812914283411,CUST0032,3768.53,USD,gas_station,Brazil,True,known,2026-05-12T21:28:15.081848
TXN00915,GB41MHQZ40666580043973,CUST0020,5612.34,USD,electronics,UK,False,known,2026-06-16T02:28:15.081854
TXN00916,GB26IXCL52166746762120,CUST0013,1906.5,USD,atm_withdrawal,Mexico,False,known,2026-07-12T14:28:15.081859
TXN00917,GB33USII86959463688725,CUST0042,7266.94,USD,wire_transfer,USA,False,new,2026-06-04T16:28:15.081865
TXN00918,GB18EILS33441969315727,CUST0074,9026.57,USD,online_retail,UK,False,new,2026-05-13T05:28:15.081872
TXN00919,GB97UCGV36138612075011,CUST0026,2385.3,USD,online_retail,Mexico,False,known,2026-07-24T21:28:15.081878
TXN00920,GB08NRRM15335554398780,CUST0023,6443.63,USD,travel,USA,True,new,2026-07-29T09:28:15.081883
TXN00921,GB86JAYN49308536866326,CUST0060,919.69,USD,electronics,USA,False,new,2026-05-19T05:28:15.081891
TXN00922,GB11HXVG31279757366096,CUST0086,4659.93,USD,utilities,UK,False,new,2026-05-14T09:28:15.081899
TXN00923,GB55MWQD04091570184094,CUST0100,8361.79,USD,electronics,USA,False,new,2026-08-02T11:28:15.081907
TXN00924,GB20KORE32983248262925,CUST0083,4369.44,USD,groceries,USA,False,known,2026-06-19T10:28:15.081915
TXN00925,GB14FUZK69961125355449,CUST0057,4094.32,USD,utilities,USA,False,new,2026-07-16T09:28:15.081921
TXN00926,GB06TFMR60259222206447,CUST0089,4662.81,USD,gas_station,USA,False,new,2026-05-26T03:28:15.081929
TXN00927,GB40XBRM80347644726490,CUST0087,534.22,USD,utilities,UK,False,new,2026-07-17T08:28:15.081937
TXN00928,GB64TWSI05391037170586,CUST0070,3047.98,USD,groceries,USA,False,known,2026-06-22T15:28:15.081943
TXN00929,GB62MBNI84229405720259,CUST0022,5549.77,USD,entertainment,USA,False,new,2026-06-23T01:28:15.081949
TXN00930,GB81TGGD63735160917798,CUST0017,3340.3,USD,dining,UK,False,known,2026-06-22T11:28:15.081954
TXN00931,GB93RRPI49562137213865,CUST0043,8649.14,USD,electronics,UK,False,new,2026-05-23T22:28:15.081961
TXN00932,GB37YZFJ42043805719838,CUST0020,3101.48,USD,online_retail,UK,False,new,2026-08-04T07:28:15.081966
TXN00933,GB92SPQX77293430107139,CUST0095,6613.13,USD,wire_transfer,USA,False,known,2026-07-04T00:28:15.081974
TXN00934,GB20OEWR29979688457831,CUST0059,5441.25,USD,online_retail,UK,False,known,2026-06-18T14:28:15.081981
TXN00935,GB74ZKXD77739260302992,CUST0037,3228.93,USD,wire_transfer,Mexico,False,new,2026-06-03T03:28:15.081987
TXN00936,GB28RFCQ27448570862095,CUST0068,6038.54,USD,electronics,USA,False,known,2026-07-12T09:28:15.081994
TXN00937,GB98IOFS29314386632270,CUST0054,3822.25,USD,dining,USA,False,known,2026-06-29T06:28:15.082000
TXN00938,GB81TGGD63735160917798,CUST0017,5383.24,USD,gas_station,UK,False,new,2026-07-03T22:28:15.082005
TXN00939,GB27YXCD03924051477053,CUST0079,7826.4,USD,gas_station,USA,False,new,2026-07-28T04:28:15.082013
TXN00940,GB34XRGG88487920698042,CUST0080,3938.91,USD,utilities,UK,False,new,2026-06-27T18:28:15.082020
TXN00941,GB81AQUA99693084887256,CUST0033,4906.55,USD,travel,Mexico,False,new,2026-05-18T02:28:15.082026
TXN00942,GB52OTPP23692929842579,CUST0039,8903.36,USD,gas_station,Mexico,False,new,2026-06-08T16:28:15.082032
TXN00943,GB34BDFB45561100225579,CUST0012,1407.83,USD,travel,USA,False,new,2026-06-21T10:28:15.082037
TXN00944,GB60BJGZ94070164510463,CUST0080,1937.78,USD,atm_withdrawal,UK,False,new,2026-07-29T04:28:15.082045
TXN00945,GB98IOFS29314386632270,CUST0054,5713.7,USD,atm_withdrawal,USA,False,known,2026-07-05T03:28:15.082051
TXN00946,GB37YZFJ42043805719838,CUST0020,7572.94,USD,utilities,UK,False,new,2026-08-03T17:28:15.082057
TXN00947,GB06TFMR60259222206447,CUST0089,6147.52,USD,groceries,USA,False,known,2026-06-12T11:28:15.082064
TXN00948,GB62MMVA72832684245088,CUST0028,7502.92,USD,utilities,USA,False,known,2026-08-03T16:28:15.082070
TXN00949,GB02FZMA33230982150648,CUST0009,530.33,USD,electronics,UK,False,new,2026-06-06T00:28:15.082075
TXN00950,GB61GSSU82455877169472,CUST0056,6382.53,USD,electronics,USA,False,new,2026-06-15T13:28:15.082082
TXN00951,GB47DVLO39930561648408,CUST0024,4754.86,USD,electronics,Mexico,False,new,2026-05-25T01:28:15.082087
TXN00952,GB65FEBU50209945101622,CUST0092,1166.02,USD,entertainment,Mexico,False,new,2026-07-07T05:28:15.082104
TXN00953,GB76RMQK28975585566593,CUST0073,2074.99,USD,electronics,Mexico,False,known,2026-07-07T11:28:15.082112
TXN00954,GB52OTPP23692929842579,CUST0039,2419.63,USD,wire_transfer,Mexico,False,known,2026-06-11T11:28:15.082118
TXN00955,GB61JUFD23094077780973,CUST0090,3010.07,USD,atm_withdrawal,USA,False,new,2026-05-09T21:28:15.082126
TXN00956,GB98GBZT88392053021465,CUST0045,4517.23,USD,entertainment,UK,False,new,2026-07-19T13:28:15.082132
TXN00957,GB76ODPB99917381684602,CUST0005,7994.79,USD,groceries,UK,False,known,2026-05-21T23:28:15.082137
TXN00958,GB49VMMS38011848955439,CUST0046,9105.8,USD,entertainment,USA,False,known,2026-06-28T04:28:15.082143
TXN00959,GB93NCPH57438421503178,CUST0099,79.69,USD,atm_withdrawal,USA,False,new,2026-06-11T12:28:15.082151
TXN00960,GB14FUZK69961125355449,CUST0057,8165.16,USD,travel,Nigeria,True,new,2026-06-29T18:28:15.082158
TXN00961,GB20OEWR29979688457831,CUST0059,7499.57,USD,utilities,UK,False,known,2026-05-16T11:28:15.082165
TXN00962,GB61JUFD23094077780973,CUST0090,6816.58,USD,electronics,USA,False,known,2026-06-15T14:28:15.082188
TXN00963,GB02RZSI76973577907141,CUST0048,5722.09,USD,gas_station,USA,False,new,2026-06-22T11:28:15.082197
TXN00964,GB23CRRX12520566474231,CUST0084,6096.92,USD,online_retail,USA,False,known,2026-07-31T04:28:15.082204
TXN00965,GB85TZJW46657437489691,CUST0001,2983.79,USD,electronics,USA,False,known,2026-05-18T15:28:15.082209
TXN00966,GB62MMVA72832684245088,CUST0028,8046.89,USD,atm_withdrawal,USA,False,new,2026-05-15T20:28:15.082215
TXN00967,GB20KORE32983248262925,CUST0083,1652.18,USD,wire_transfer,USA,False,new,2026-07-20T16:28:15.082225
TXN00968,GB95IFRI34795527636556,CUST0053,1732.04,USD,atm_withdrawal,USA,False,known,2026-06-14T13:28:15.082231
TXN00969,GB76ODPB99917381684602,CUST0005,5815.97,USD,dining,UK,False,known,2026-05-27T04:28:15.082236
TXN00970,GB51EQTP52677223306046,CUST0085,477.69,USD,wire_transfer,UK,False,new,2026-05-09T19:28:15.082244
TXN00971,GB02RZSI76973577907141,CUST0048,8999.08,USD,electronics,USA,False,known,2026-06-20T19:28:15.082252
TXN00972,GB22UORK76084958803955,CUST0097,4696.95,USD,dining,USA,False,known,2026-06-09T03:28:15.082260
TXN00973,GB90EOFF99275037314530,CUST0034,7092.48,USD,atm_withdrawal,UK,False,known,2026-07-03T15:28:15.082266
TXN00974,GB34XRGG88487920698042,CUST0080,9454.49,USD,utilities,UK,False,known,2026-05-22T18:28:15.082284
TXN00975,GB29RTXQ33146591166553,CUST0077,2760.38,USD,utilities,Mexico,False,known,2026-07-20T00:28:15.082292
TXN00976,GB20KORE32983248262925,CUST0083,6502.12,USD,online_retail,USA,False,known,2026-06-20T06:28:15.082300
TXN00977,GB98GEQY30965207446660,CUST0002,3779.78,USD,dining,USA,False,new,2026-06-26T02:28:15.082304
TXN00978,GB04KLTU04259792703352,CUST0078,909.68,USD,groceries,USA,False,known,2026-07-05T22:28:15.082312
TXN00979,GB16DUOT74973502080214,CUST0062,9469.04,USD,wire_transfer,USA,False,known,2026-06-07T13:28:15.082319
TXN00980,GB71AQVL89944171545444,CUST0002,2877.31,USD,atm_withdrawal,USA,False,new,2026-05-19T12:28:15.082324
TXN00981,GB65BYUT47985158328182,CUST0023,5516.72,USD,utilities,USA,False,known,2026-05-27T23:28:15.082338
TXN00982,GB60VJTV99827950145561,CUST0092,1257.58,USD,entertainment,Mexico,False,new,2026-06-24T10:28:15.082360
TXN00983,GB85YLQZ87704358112880,CUST0025,9296.02,USD,online_retail,USA,False,new,2026-06-27T23:28:15.082366
TXN00984,GB65IBPW78487392855749,CUST0068,5824.79,USD,utilities,USA,False,new,2026-07-01T16:28:15.082373
TXN00985,GB60BJGZ94070164510463,CUST0080,9448.4,USD,travel,UK,False,new,2026-06-27T01:28:15.082381
TXN00986,GB63GTGY48356420873753,CUST0011,1743.93,USD,online_retail,Mexico,False,new,2026-07-31T17:28:15.082386
TXN00987,GB87EDBA99688143536822,CUST0029,9454.44,USD,online_retail,UK,False,known,2026-06-12T21:28:15.082392
TXN00988,GB20JKPM20555438404608,CUST0081,4611.97,USD,online_retail,UK,False,known,2026-05-08T07:28:15.082399
TXN00989,GB97UCGV36138612075011,CUST0026,8248.3,USD,travel,Mexico,False,known,2026-07-26T18:28:15.082405
TXN00990,GB82SXUQ17946954899529,CUST0094,5566.01,USD,wire_transfer,UK,False,known,2026-05-26T03:28:15.082413
TXN00991,GB22UORK76084958803955,CUST0097,8744.32,USD,dining,USA,False,new,2026-07-14T11:28:15.082421
TXN00992,GB81TGGD63735160917798,CUST0017,6474.06,USD,electronics,UK,False,new,2026-08-03T15:28:15.082426
TXN00993,GB77DQVC02203173109678,CUST0070,1465.1,USD,electronics,USA,False,new,2026-07-24T14:28:15.082433
TXN00994,GB64WQEO71812982665702,CUST0087,6252.77,USD,entertainment,UK,False,known,2026-07-03T05:28:15.082441
TXN00995,GB20KORE32983248262925,CUST0083,2011.93,USD,groceries,USA,False,new,2026-05-26T20:28:15.082449
TXN00996,GB74OJLN42400825478077,CUST0060,9043.29,USD,atm_withdrawal,USA,False,known,2026-07-28T07:28:15.082456
TXN00997,GB18EILS33441969315727,CUST0074,851.84,USD,dining,UK,False,known,2026-07-07T12:28:15.082463
TXN00998,GB76RMQK28975585566593,CUST0073,7150.54,USD,travel,Mexico,False,known,2026-07-01T04:28:15.082471
TXN00999,GB61GSSU82455877169472,CUST0056,7661.32,USD,utilities,USA,False,known,2026-06-12T01:28:15.082477
TXN01000,GB28BLUE81273585730652,CUST0067,1902.78,USD,online_retail,USA,False,new,2026-06-20T08:28:15.082484
